listing_page,source_url
1,https://www.vntrip.vn/cam-nang/atadi-vn-mo-ra-ky-nguyen-du-lich-moi-trong-he-sinh-thai-vntrip-122698
1,https://www.vntrip.vn/cam-nang/vntrip-tms-giai-phap-quan-tri-cong-tac-va-du-lich-toan-dien-cho-doanh-nghiep-hien-dai-122691
1,https://www.vntrip.vn/cam-nang/chuyen-chiec-banh-mi-va-bai-hoc-ve-su-tan-tam-van-hoa-phuc-vu-khach-hang-tai-vntrip-tms-122685
1,https://www.vntrip.vn/cam-nang/ems-tro-ly-tai-chinh-ai-giup-doanh-nghiep-cat-giam-chi-phi-tang-toc-van-hanh-122680
1,https://www.vntrip.vn/cam-nang/vntrip-tms-giai-phap-toi-uu-chi-phi-cong-tac-cho-doanh-nghiep-122656
1,https://www.vntrip.vn/cam-nang/4-diem-san-tuyet-sieu-dep-cuc-gan-viet-nam-122640
1,https://www.vntrip.vn/cam-nang/mot-buoi-sang-lich-su-trai-nghiem-le-dieu-binh-quoc-khanh-tai-ha-noi-122634
1,https://www.vntrip.vn/cam-nang/ha-noi-ruc-ro-ngay-quoc-khanh-tron-ven-trai-nghiem-le-dieu-binh-2-9-122632
1,https://www.vntrip.vn/cam-nang/nhung-diem-du-lich-tranh-nang-ly-tuong-cho-thang-8-4-lua-chon-mat-me-va-dang-di-nhat-122624
1,https://www.vntrip.vn/cam-nang/%f0%9f%87%bb%f0%9f%87%b3-viet-nam-thien-duong-re-an-ngon-hang-dau-dong-nam-a-ma-ban-khong-the-bo-qua-122618
1,https://www.vntrip.vn/cam-nang/nhat-ban-thang-7-mua-he-le-hoi-phao-hoa-va-trai-nghiem-thien-nhien-xanh-mat-122608
1,https://www.vntrip.vn/cam-nang/vu-tai-nan-lat-tau-du-lich-o-vinh-ha-long-cap-nhat-thong-tin-va-nhung-no-luc-cuu-ho-day-nhan-van-122606
1,https://www.vntrip.vn/cam-nang/cap-doi-nen-di-dau-thang-7-5-hanh-trinh-lang-man-rieng-tu-va-chill-nhat-mua-he-122602
1,https://www.vntrip.vn/cam-nang/check-in-le-hoi-bien-binh-dinh-thien-duong-moi-noi-he-2025-122599
1,https://www.vntrip.vn/cam-nang/kinh-nghiem-du-lich-ha-long-2025-122597
1,https://www.vntrip.vn/cam-nang/vietnam-airlines-dieu-chinh-khai-thac-do-san-bay-vinh-tam-dong-cua-trong-6-thang-122590
1,https://www.vntrip.vn/cam-nang/tron-nong-len-da-lat-thang-6-khi-mua-he-cung-tro-nen-diu-dang-122588
1,https://www.vntrip.vn/cam-nang/moc-chau-thang-6-hai-man-san-may-hanh-trinh-cham-vao-ve-dep-hoang-so-cua-nui-rung-tay-bac-122586
1,https://www.vntrip.vn/cam-nang/he-2025-di-dau-goi-y-7-bai-bien-dep-o-viet-nam-ban-khong-the-bo-lo-122582
1,https://www.vntrip.vn/cam-nang/huong-dan-du-lich-bac-giang-mua-vai-chup-hinh-dep-an-vai-ngot-trai-nghiem-nho-doi-122580
2,https://www.vntrip.vn/cam-nang/bamboo-tang-20-kg-hanh-ly-khi-bay-den-thai-lan-122577
2,https://www.vntrip.vn/cam-nang/tam-dung-tham-quan-cot-co-lung-cu-122574
2,https://www.vntrip.vn/cam-nang/michelin-vinh-danh-181-nha-hang-va-quan-an-o-viet-nam-nam-2025-122569
2,https://www.vntrip.vn/cam-nang/bay-pho-thong-trai-nghiem-thuong-gia-cung-bamboo-airways-122528
2,https://www.vntrip.vn/cam-nang/tour-mua-xuan-2024-uu-dai-tu-vntrip-122333
2,https://www.vntrip.vn/cam-nang/trai-nghiem-chuong-trinh-team-building-kick-off-2024-that-khac-biet-tu-vntrip-122328
2,https://www.vntrip.vn/cam-nang/cau-hon-phu-quoc-kiss-bridge-bieu-tuong-moi-cua-du-lich-viet-nam-122303
2,https://www.vntrip.vn/cam-nang/ha-noi-ra-mat-15-san-pham-du-lich-dem-122253
2,https://www.vntrip.vn/cam-nang/nam-2045-mang-den-tro-thanh-trung-tam-du-lich-nghi-duong-tam-co-khu-vuc-122250
2,https://www.vntrip.vn/cam-nang/nhung-ngoi-lang-co-o-ha-giang-nhat-dinh-phai-ghe-tham-122231
2,https://www.vntrip.vn/cam-nang/den-da-lat-thang-10-co-gi-hay-122194
2,https://www.vntrip.vn/cam-nang/uu-dai-thang-9-tu-bamboo-122173
2,https://www.vntrip.vn/cam-nang/chill-mua-thu-cung-bamboo-airways-122170
2,https://www.vntrip.vn/cam-nang/bay-bamboo-tung-bung-chao-mung-quoc-khanh-%f0%9f%87%bb%f0%9f%87%b3%f0%9f%87%bb%f0%9f%87%b3-122159
2,https://www.vntrip.vn/cam-nang/uu-dai-quoc-khanh-122155-122155
2,https://www.vntrip.vn/cam-nang/ve-bamboo-giam-toi-20-122144
2,https://www.vntrip.vn/cam-nang/uu-dai-quoc-khanh-tu-zalo-pay-va-vntrip-122138
2,https://www.vntrip.vn/cam-nang/sinh-nhat-bamboo-122134
2,https://www.vntrip.vn/cam-nang/sa-sung-vang-rong-tai-quang-ninh-122130
2,https://www.vntrip.vn/cam-nang/lien-hoan-am-thuc-quoc-te-quang-nam-2023-dien-ra-tu-ngay-31-8-3-9-2023-122128
3,https://www.vntrip.vn/cam-nang/ban-moi-deal-hoi-nhap-ma-baniu-giam-50-toi-da-50-000d-122121
3,https://www.vntrip.vn/cam-nang/122112-122112
3,https://www.vntrip.vn/cam-nang/vi-vu-thai-lan-ngap-tran-uu-dai-122097
3,https://www.vntrip.vn/cam-nang/he-soi-dong-gia-chan-dong-122092
3,https://www.vntrip.vn/cam-nang/9-khach-san-hang-sang-tai-viet-nam-duoc-michelin-guide-goi-ten-ban-da-trai-nghiem-122083
3,https://www.vntrip.vn/cam-nang/bo-ra-250-000-usd-theo-tour-mao-hiem-ngam-xac-tau-titanic-122079
3,https://www.vntrip.vn/cam-nang/den-ninh-binh-nhat-dinh-phai-thu-mon-an-sau-122035
3,https://www.vntrip.vn/cam-nang/uu-dai-ve-bamboo-tu-vntrip-he-2023-122031
3,https://www.vntrip.vn/cam-nang/16-quan-ca-phe-dep-nhuc-nach-o-mang-den-khong-the-bo-qua-2023-121950
3,https://www.vntrip.vn/cam-nang/6-dia-diem-check-in-gay-sot-cong-dong-mang-nam-2023-o-da-lat-121960
3,https://www.vntrip.vn/cam-nang/hoi-an-khong-bat-buoc-khach-le-mua-ve-vao-pho-co-121963
3,https://www.vntrip.vn/cam-nang/16-mon-dac-san-hue-nhat-dinh-khong-the-bo-qua-khi-den-tham-dat-co-do-121843
3,https://www.vntrip.vn/cam-nang/kinh-nghiem-du-lich-le-hoi-den-hung-2023-121910
3,https://www.vntrip.vn/cam-nang/5-khach-san-sang-trong-nhat-viet-nam-2023-121700
3,https://www.vntrip.vn/cam-nang/5-nha-hang-lon-cap-nach-sapa-ngon-chat-luong-nhat-2023-121768
3,https://www.vntrip.vn/cam-nang/an-giang-an-gi-top-5-nha-hang-noi-tieng-nhat-long-xuyen-an-giang-121778
3,https://www.vntrip.vn/cam-nang/chiem-nguong-dai-bao-thap-kinh-luan-dat-vang-lon-nhat-the-gioi-tai-da-lat-121799
3,https://www.vntrip.vn/cam-nang/10-quan-an-ngon-bo-re-o-tuy-hoa-khong-the-bo-qua-121750
3,https://www.vntrip.vn/cam-nang/diem-danh-8-loai-hoa-thang-4-no-ro-khap-3-mien-2023-121672
3,https://www.vntrip.vn/cam-nang/review-tu-tuc-nhat-ban-mua-dong-8-ngay-7-dem-121635
4,https://www.vntrip.vn/cam-nang/don-binh-minh-tren-bien-can-gio-121612
4,https://www.vntrip.vn/cam-nang/macau-khoi-phuc-cac-chuyen-bay-den-da-nang-trong-thang-ba-121604
4,https://www.vntrip.vn/cam-nang/moc-chau-mua-hoa-thuong-nho-121591
4,https://www.vntrip.vn/cam-nang/thang-3-di-dau-du-lich-la-tuyet-nhat-121559
4,https://www.vntrip.vn/cam-nang/cach-thai-lan-khien-khach-viet-quay-lai-nhieu-lan-121555
4,https://www.vntrip.vn/cam-nang/du-lich-moc-chau-thang-3-co-gi-nhung-dieu-can-chuan-bi-khi-di-moc-chau-121481
4,https://www.vntrip.vn/cam-nang/diem-den-tam-linh-noi-tieng-o-thai-nguyen-121541
4,https://www.vntrip.vn/cam-nang/binh-chon-cho-du-lich-viet-nam-tai-giai-thuong-du-lich-the-gioi-2023-121537
4,https://www.vntrip.vn/cam-nang/viet-nam-la-diem-den-ua-thich-cua-thi-truong-khach-han-quoc-nhat-ban-va-dai-loan-121534
4,https://www.vntrip.vn/cam-nang/sac-man-cao-nguyen-trang-lam-say-long-du-khach-121528
4,https://www.vntrip.vn/cam-nang/thoi-diem-dat-phong-khach-san-de-co-gia-tot-nhat-121525
4,https://www.vntrip.vn/cam-nang/ve-nam-o-xem-lang-chai-co-121505
4,https://www.vntrip.vn/cam-nang/vi-vu-bamboo-bung-no-uu-dai-chi-duy-nhat-tren-vntrip-121499
4,https://www.vntrip.vn/cam-nang/du-lich-sapa-thang-3-co-gi-121455
4,https://www.vntrip.vn/cam-nang/ly-do-khien-nui-thieng-ba-den-tay-ninh-don-luong-khach-ky-luc-trong-thang-gieng-121487
4,https://www.vntrip.vn/cam-nang/thang-3-nen-di-du-lich-o-dau-mien-bac-121467
4,https://www.vntrip.vn/cam-nang/da-lat-muon-mo-casino-cho-dem-121446
4,https://www.vntrip.vn/cam-nang/da-lat-deo-prenn-se-dong-de-thi-cong-sau-tet-nguyen-dan-121346
4,https://www.vntrip.vn/cam-nang/du-xuan-quy-mao-nhung-ngoi-chua-noi-tieng-o-tp-hcm-121329
4,https://www.vntrip.vn/cam-nang/mai-anh-dao-bung-no-ruc-ro-khach-du-lich-do-ve-da-lat-chiem-nguong-121393
5,https://www.vntrip.vn/cam-nang/khuyen-mai-bay-bamboo-airways-giam-ngay-20-tren-vntrip-vn-121301
5,https://www.vntrip.vn/cam-nang/hoi-an-lo%cc%a3t-danh-sach-25-thanh-pho-dep-nhat-the-gioi-121282
5,https://www.vntrip.vn/cam-nang/du-xuan-mang-den-ngam-mai-anh-dao-121263
5,https://www.vntrip.vn/cam-nang/nhung-dia-diem-du-lich-dau-nam-mien-bac-nen-di-mot-lan-trong-doi-121215
5,https://www.vntrip.vn/cam-nang/hanh-trinh-noi-dai-yeu-thuong-xuan-ve-tren-then-chu-phin-121285
5,https://www.vntrip.vn/cam-nang/top-5-phan-mem-quan-ly-nhan-su-doanh-nghiep-nen-dung-trong-nam-2023-121240
5,https://www.vntrip.vn/cam-nang/nhung-diem-du-xuan-thu-vi-o-nghe-an-121204
5,https://www.vntrip.vn/cam-nang/chuan-bi-don-du-khach-trung-quoc-121197
5,https://www.vntrip.vn/cam-nang/du-khach-tap-nap-san-may-tren-dinh-fansipan-121169
5,https://www.vntrip.vn/cam-nang/travel-off-path-binh-cho%cc%a3n-thanh-pho-ho-chi-minh-la-diem-den-xu-huong-hang-dau-chau-a-nam-2023-121157
5,https://www.vntrip.vn/cam-nang/phu-quoc-da-lat-sa-pa-chay-phong-dip-tet-duong-lich-2023-121143
5,https://www.vntrip.vn/cam-nang/10-dia-diem-don-giao-thua-tuyet-voi-nhat-the-gioi-121131
5,https://www.vntrip.vn/cam-nang/tay-nguyen-mua-thay-la-121088
5,https://www.vntrip.vn/cam-nang/cac-dia-diem-du-lich-tet-o-mien-tay-cac-ban-se-tiec-nuoi-khi-bo-lo-121073
5,https://www.vntrip.vn/cam-nang/cach-dat-phong-khach-san-bang-tieng-anh-don-gian-121056
5,https://www.vntrip.vn/cam-nang/nhung-khach-san-cho-phep-du-khach-khoa-than-doc-la-tren-the-gioi-121065
5,https://www.vntrip.vn/cam-nang/top-10-dia-diem-du-lich-viet-nam-duoc-tim-kiem-nhieu-nhat-trong-nam-2022-121005
5,https://www.vntrip.vn/cam-nang/top-ung-dung-quan-ly-nhan-su-tren-iphone-va-android-121031
5,https://www.vntrip.vn/cam-nang/cac-dia-diem-du-lich-da-lat-ly-tuong-cho-gia-dinh-121017
5,https://www.vntrip.vn/cam-nang/tiep-noi-chuong-trinh-thien-nguyen-vntrip-cho-di-la-con-mai-121051
6,https://www.vntrip.vn/cam-nang/4-xu-huong-du-lich-pho-bien-the-gioi-nam-2022-121041
6,https://www.vntrip.vn/cam-nang/du-khach-thich-thu-san-bang-gia-tren-cac-dinh-nui-cao-tai-bat-xat-120993
6,https://www.vntrip.vn/cam-nang/chi-phi-doanh-nghiep-gom-nhung-gi-cac-loai-chi-phi-doanh-nghiep-120957
6,https://www.vntrip.vn/cam-nang/nhung-ung-dung-cong-nghe-trong-quan-ly-nhan-su-noi-bat-120966
6,https://www.vntrip.vn/cam-nang/cac-dia-diem-du-lich-gan-nhau-o-da-lat-khong-nen-bo-qua-trong-lich-trinh-120974
6,https://www.vntrip.vn/cam-nang/nam-2022-du-lich-noi-dia-vuot-moc-ky-vong-120941
6,https://www.vntrip.vn/cam-nang/quy-dinh-ve-di-cong-tac-nuoc-ngoai-thu-tuc-va-chi-phi-cong-tac-nuoc-ngoai-120934
6,https://www.vntrip.vn/cam-nang/lung-linh-anh-den-dem-pho-co-120927
6,https://www.vntrip.vn/cam-nang/4-diem-du-lich-dep-trong-nuoc-cho-thang-12-120921
6,https://www.vntrip.vn/cam-nang/7-thanh-pho-du-lich-an-toan-nhat-the-gioi-nam-2023-120912
6,https://www.vntrip.vn/cam-nang/cach-dat-phong-khach-san-o-sapa-120872
6,https://www.vntrip.vn/cam-nang/dia-diem-di-choi-gan-ha-noi-mua-dong-ly-tuong-120882
6,https://www.vntrip.vn/cam-nang/trien-de-long-bien-tran-ngap-co-lau-trang-muot-gioi-tre-ha-noi-xung-xinh-toi-check-in-120863
6,https://www.vntrip.vn/cam-nang/dia-diem-du-xuan-cau-binh-an-ly-tuong-cho-ngay-dau-nam-2023-120849
6,https://www.vntrip.vn/cam-nang/4-diem-nghi-duong-gan-ha-noi-co-khu-vui-choi-cho-tre-em-120843
6,https://www.vntrip.vn/cam-nang/khach-quoc-te-den-viet-nam-dat-gan-3-trieu-luot-120835
6,https://www.vntrip.vn/cam-nang/goi-y-cac-y-tuong-trang-tri-tet-cho-khach-san-thu-hut-khach-hang-120780
6,https://www.vntrip.vn/cam-nang/cac-le-hoi-ngay-tet-o-viet-nam-ban-da-biet-chua-120794
6,https://www.vntrip.vn/cam-nang/tet-nam-nay-di-du-lich-o-dau-cac-dia-diem-du-lich-tet-2023-khong-the-bo-qua-120807
6,https://www.vntrip.vn/cam-nang/tet-o-sai-gon-co-gi-dac-biet-tet-o-sai-gon-nen-di-dau-choi-120822
7,https://www.vntrip.vn/cam-nang/cac-giai-doan-chuyen-doi-so-cua-doanh-nghiep-ban-can-biet-120762
7,https://www.vntrip.vn/cam-nang/cach-mo-tivi-tren-xe-giuong-nam-120768
7,https://www.vntrip.vn/cam-nang/xon-xao-dam-may-hinh-dia-bay-tren-nui-ba-den-120756
7,https://www.vntrip.vn/cam-nang/da-lat-dang-vao-mua-dep-nhat-nam-120751
7,https://www.vntrip.vn/cam-nang/top-khach-san-4-sao-tay-ninh-ban-khong-nen-bo-lo-120731
7,https://www.vntrip.vn/cam-nang/mua-tam-giac-mach-dep-me-hon-giua-long-ha-giang-120722
7,https://www.vntrip.vn/cam-nang/3-hang-dong-dep-nao-long-lai-khong-kho-chinh-phuc-o-quang-binh-120710
7,https://www.vntrip.vn/cam-nang/kinh-nghiem-san-ve-may-bay-tet-2023-gia-re-120689
7,https://www.vntrip.vn/cam-nang/nhung-diem-du-lich-tuyet-dep-khong-the-bo-qua-khi-den-co-to-120681
7,https://www.vntrip.vn/cam-nang/me-man-ngam-mua-hong-chin-triu-qua-tren-cao-nguyen-moc-chau-120671
7,https://www.vntrip.vn/cam-nang/ha-noi-lien-tiep-nhan-cac-giai-thuong-danh-gia-ve-du-lich-120653
7,https://www.vntrip.vn/cam-nang/kinh-nghiem-dat-phong-khach-san-dip-le-tet-120642
7,https://www.vntrip.vn/cam-nang/viet-nam-nhan-nhieu-giai-thuong-tai-world-travel-awards-2022-120638
7,https://www.vntrip.vn/cam-nang/ha-noi-trong-top-diem-den-duoc-khach-quoc-te-tim-kiem-nhieu-nhat-120628
7,https://www.vntrip.vn/cam-nang/du-lich-hue-mua-buon-nhat-nam-co-gi-dac-biet-120610
7,https://www.vntrip.vn/cam-nang/loi-ich-cua-tms-voi-doanh-nghiep-la-gi-120603
7,https://www.vntrip.vn/cam-nang/chuyen-doi-so-trong-y-te-la-gi-tam-quan-trong-cua-chuyen-doi-so-trong-y-te-120584
7,https://www.vntrip.vn/cam-nang/nhung-kho-khan-tren-con-duong-chuyen-doi-so-cua-doanh-nghiep-120575
7,https://www.vntrip.vn/cam-nang/kinh-nghiem-huu-ich-khi-di-cong-tac-nuoc-ngoai-ban-nen-biet-120553
7,https://www.vntrip.vn/cam-nang/thuc-trang-chuyen-doi-so-o-viet-nam-hien-nay-120562
8,https://www.vntrip.vn/cam-nang/mat-bao-nhieu-chi-phi-cho-chuyen-du-lich-ket-hop-xem-world-cup-2022-120538
8,https://www.vntrip.vn/cam-nang/giai-phap-quan-ly-chuyen-cong-tac-hieu-qua-nhanh-gon-120526
8,https://www.vntrip.vn/cam-nang/ga-sai-gon-ngay-dau-mo-ban-ve-tau-tet-2023-120508
8,https://www.vntrip.vn/cam-nang/chuyen-doi-so-quoc-gia-la-gi-ngay-chuyen-doi-so-quoc-gia-la-ngay-nao-120475
8,https://www.vntrip.vn/cam-nang/phan-biet-chuyen-doi-so-va-so-hoa-vi-du-ve-chuyen-doi-so-va-so-hoa-120484
8,https://www.vntrip.vn/cam-nang/loi-ich-khi-di-du-lich-mua-thap-diem-mua-thap-diem-trong-du-lich-la-thang-may-120454
8,https://www.vntrip.vn/cam-nang/nhung-sai-lam-pho-bien-trong-quan-ly-chuyen-cong-tac-cua-nhan-vien-120448
8,https://www.vntrip.vn/cam-nang/top-5-dia-diem-san-may-dep-nhu-tien-canh-o-viet-nam-120468
8,https://www.vntrip.vn/cam-nang/cac-san-pham-chuyen-doi-so-dac-trung-cua-cac-doanh-nghiep-hien-nay-120423
8,https://www.vntrip.vn/cam-nang/cac-cong-ty-tu-van-va-cung-cap-dich-vu-chuyen-doi-so-hang-dau-hien-nay-120411
8,https://www.vntrip.vn/cam-nang/duong-bay-ha-noi-tp-hcm-lot-top-duong-bay-nhon-nhip-nhat-the-gioi-120435
8,https://www.vntrip.vn/cam-nang/viet-nam-nam-trong-danh-sach-nhung-nen-am-thuc-hang-dau-the-gioi-120432
8,https://www.vntrip.vn/cam-nang/phu-quoc-nam-trong-top-10-hon-dao-duoc-yeu-thich-nhat-chau-a-120408
8,https://www.vntrip.vn/cam-nang/viet-nam-vao-top-diem-den-duoc-du-khach-australia-tim-kiem-nhieu-nhat-120406
8,https://www.vntrip.vn/cam-nang/cac-cong-ty-da-thanh-cong-nho-chuyen-doi-so-dien-hinh-120393
8,https://www.vntrip.vn/cam-nang/chuyen-doi-so-la-gi-cac-khai-niem-ve-chuyen-doi-so-ban-can-biet-120325
8,https://www.vntrip.vn/cam-nang/viet-nam-da-lam-duoc-gi-khi-chuyen-doi-so-120386
8,https://www.vntrip.vn/cam-nang/10-diem-den-tuyet-voi-cho-hanh-trinh-kham-pha-viet-nam-120383
8,https://www.vntrip.vn/cam-nang/top-10-khach-san-view-dep-o-da-lat-gia-re-nam-2022-120338
8,https://www.vntrip.vn/cam-nang/ngay-10-10-tro-thanh-dau-moc-lich-su-trong-chuyen-doi-so-quoc-gia-120375
9,https://www.vntrip.vn/cam-nang/sieu-sale-10-10-san-ve-bamboo-airways-chi-19k-120320
9,https://www.vntrip.vn/cam-nang/9-thang-nam-2022-khach-quoc-te-den-viet-nam-tang-164-lan-120317
9,https://www.vntrip.vn/cam-nang/da-lau-toi-chua-du-lich-cung-bo-me-120308
9,https://www.vntrip.vn/cam-nang/top-10-khach-san-sapa-co-be-boi-nuoc-nong-sang-chanh-120204
9,https://www.vntrip.vn/cam-nang/10-san-bay-tam-dong-cua-vi-bao-noru-120280
9,https://www.vntrip.vn/cam-nang/sapa-co-dac-san-gi-lam-qua-mua-gi-lam-qua-khi-di-du-lich-sapa-120184
9,https://www.vntrip.vn/cam-nang/top-nha-xe-di-sapa-tuyen-ha-noi-sapa-tot-nhat-2022-120223
9,https://www.vntrip.vn/cam-nang/deal-khung-mua-thu-vi-vu-khap-chon-cung-lotte-finance-x-vntrip-120259
9,https://www.vntrip.vn/cam-nang/tms-nghia-la-gi-tms-viet-tat-cua-tu-gi-he-thong-tms-la-gi-120246
9,https://www.vntrip.vn/cam-nang/doan-van-hau-podcast-1-myceleb-vn-120226
9,https://www.vntrip.vn/cam-nang/du-khach-xao-xuyen-ngam-mimosa-vang-ruc-da-lat-120190
9,https://www.vntrip.vn/cam-nang/thoi-tiet-sapa-nhung-thang-cuoi-nam-nhu-the-nao-120175
9,https://www.vntrip.vn/cam-nang/di-du-lich-vung-tau-can-chuan-bi-nhung-gi-120152
9,https://www.vntrip.vn/cam-nang/check-in-sai-gon-chu-du-qua-mien-song-dong-120162
9,https://www.vntrip.vn/cam-nang/review-bien-vo-cuc-thai-binh-cuc-ao-dang-khuay-dao-gioi-tre-119982
9,https://www.vntrip.vn/cam-nang/top-4-ho-boi-vo-cuc-vung-tau-khien-ban-ngat-ngay-vi-qua-dep-120039
9,https://www.vntrip.vn/cam-nang/bamboo-airways-tang-tan-suat-bay-tp-hcm-bangkok-120032
9,https://www.vntrip.vn/cam-nang/nhung-dia-diem-du-lich-mot-ngay-gan-thanh-pho-ho-chi-minh-khong-nen-bo-lo-119963
9,https://www.vntrip.vn/cam-nang/nhung-kho-khan-trong-quan-tri-nhan-su-doanh-nghiep-hay-gap-phai-119933
9,https://www.vntrip.vn/cam-nang/du-bao-thoi-tiet-dip-nghi-le-2-9-chieu-toi-co-the-mua-dong-119931
10,https://www.vntrip.vn/cam-nang/choi-gi-o-hue-dip-le-2-9-119917
10,https://www.vntrip.vn/cam-nang/gia-ve-may-bay-tet-duong-lich-2023-va-tet-quy-mao-cao-ngat-nguong-119894
10,https://www.vntrip.vn/cam-nang/cao-nguyen-da-dong-van-hanh-trinh-den-tu-hao-va-hanh-phuc-119887
10,https://www.vntrip.vn/cam-nang/vietjet-chinh-thuc-mo-ban-ve-may-bay-tet-2023-som-chi-tu-619k-119883
10,https://www.vntrip.vn/cam-nang/da-lat-lot-top-6-diem-hen-ho-lang-man-nhat-the-gioi-119874
10,https://www.vntrip.vn/cam-nang/du-lich-sun-world-ba-na-hills-mua-he-nay-day-la-nhung-trai-nghiem-moi-can-thu-119868
10,https://www.vntrip.vn/cam-nang/kinh-nghiem-khi-dang-du-lich-thi-gap-mua-bao-119858
10,https://www.vntrip.vn/cam-nang/meo-phoi-do-di-da-lat-cho-cac-ban-nam-cuc-chat-119746
10,https://www.vntrip.vn/cam-nang/nhung-dia-diem-du-lich-da-nang-2022-ban-nhat-dinh-phai-di-119783
10,https://www.vntrip.vn/cam-nang/luong-khach-tang-dot-bien-hang-khong-bat-tang-doanh-thu-loi-nhuan-6-thang-119842
10,https://www.vntrip.vn/cam-nang/phoi-do-di-da-lat-cho-cac-ban-nu-xinh-ngat-ngay-2022-119758
10,https://www.vntrip.vn/cam-nang/choi-va-di-dau-khi-du-lich-mui-ne-thang-8-119799
10,https://www.vntrip.vn/cam-nang/kinh-nghiem-du-lich-hoi-an-an-choi-gi-o-pho-co-119812
10,https://www.vntrip.vn/cam-nang/dong-cua-san-bay-con-dao-trong-9-thang-du-khach-chi-co-2-lua-chon-de-ra-dao-119828
10,https://www.vntrip.vn/cam-nang/phoi-do-di-du-lich-mua-he-cuc-bat-trend-2022-119604
10,https://www.vntrip.vn/cam-nang/bat-mi-top-nhung-dia-diem-an-toi-mui-ne-cuc-xin-119677
10,https://www.vntrip.vn/cam-nang/ban-nen-mac-gi-khi-di-du-lich-chau-au-mua-he-119598
10,https://www.vntrip.vn/cam-nang/top-dia-diem-du-lich-he-2022-danh-cho-nhung-ban-cuong-chan-119646
10,https://www.vntrip.vn/cam-nang/top-quan-ca-phe-nghe-nhac-da-lat-dang-hot-nhat-hien-nay-119570
10,https://www.vntrip.vn/cam-nang/can-luu-y-gi-khi-di-du-lich-hoi-an-119723
