article_id,snapshot_date,source_url,view_count,collected_at
VNTRIP_e292c1570704,2026-07-13,https://www.vntrip.vn/cam-nang/atadi-vn-mo-ra-ky-nguyen-du-lich-moi-trong-he-sinh-thai-vntrip-122698,1200.0,2026-07-13T18:05:15.133341+00:00
VNTRIP_a5125a054e2d,2026-07-13,https://www.vntrip.vn/cam-nang/vntrip-tms-giai-phap-quan-tri-cong-tac-va-du-lich-toan-dien-cho-doanh-nghiep-hien-dai-122691,805.0,2026-07-13T18:05:15.133366+00:00
VNTRIP_b8e8fb9b5682,2026-07-13,https://www.vntrip.vn/cam-nang/chuyen-chiec-banh-mi-va-bai-hoc-ve-su-tan-tam-van-hoa-phuc-vu-khach-hang-tai-vntrip-tms-122685,626.0,2026-07-13T18:05:15.133371+00:00
VNTRIP_dfd03a4eb676,2026-07-13,https://www.vntrip.vn/cam-nang/ems-tro-ly-tai-chinh-ai-giup-doanh-nghiep-cat-giam-chi-phi-tang-toc-van-hanh-122680,746.0,2026-07-13T18:05:15.133375+00:00
VNTRIP_f79d32fc4eee,2026-07-13,https://www.vntrip.vn/cam-nang/vntrip-tms-giai-phap-toi-uu-chi-phi-cong-tac-cho-doanh-nghiep-122656,605.0,2026-07-13T18:05:15.133377+00:00
VNTRIP_969ad3761c73,2026-07-13,https://www.vntrip.vn/cam-nang/4-diem-san-tuyet-sieu-dep-cuc-gan-viet-nam-122640,943.0,2026-07-13T18:05:15.133379+00:00
VNTRIP_1ecc913e8e82,2026-07-13,https://www.vntrip.vn/cam-nang/mot-buoi-sang-lich-su-trai-nghiem-le-dieu-binh-quoc-khanh-tai-ha-noi-122634,1600.0,2026-07-13T18:05:15.133382+00:00
VNTRIP_18ea7029a4a9,2026-07-13,https://www.vntrip.vn/cam-nang/ha-noi-ruc-ro-ngay-quoc-khanh-tron-ven-trai-nghiem-le-dieu-binh-2-9-122632,1600.0,2026-07-13T18:05:15.133385+00:00
VNTRIP_b4a886e6c9db,2026-07-13,https://www.vntrip.vn/cam-nang/nhung-diem-du-lich-tranh-nang-ly-tuong-cho-thang-8-4-lua-chon-mat-me-va-dang-di-nhat-122624,1200.0,2026-07-13T18:05:15.133388+00:00
VNTRIP_2a77be301bb1,2026-07-13,https://www.vntrip.vn/cam-nang/%f0%9f%87%bb%f0%9f%87%b3-viet-nam-thien-duong-re-an-ngon-hang-dau-dong-nam-a-ma-ban-khong-the-bo-qua-122618,4400.0,2026-07-13T18:05:15.133390+00:00
VNTRIP_124fae8e0e76,2026-07-13,https://www.vntrip.vn/cam-nang/nhat-ban-thang-7-mua-he-le-hoi-phao-hoa-va-trai-nghiem-thien-nhien-xanh-mat-122608,755.0,2026-07-13T18:05:15.133393+00:00
VNTRIP_77f8f05155da,2026-07-13,https://www.vntrip.vn/cam-nang/vu-tai-nan-lat-tau-du-lich-o-vinh-ha-long-cap-nhat-thong-tin-va-nhung-no-luc-cuu-ho-day-nhan-van-122606,997.0,2026-07-13T18:05:15.133396+00:00
VNTRIP_4feccaa0ec29,2026-07-13,https://www.vntrip.vn/cam-nang/cap-doi-nen-di-dau-thang-7-5-hanh-trinh-lang-man-rieng-tu-va-chill-nhat-mua-he-122602,960.0,2026-07-13T18:05:15.133398+00:00
VNTRIP_20d62a77db18,2026-07-13,https://www.vntrip.vn/cam-nang/check-in-le-hoi-bien-binh-dinh-thien-duong-moi-noi-he-2025-122599,868.0,2026-07-13T18:05:15.133400+00:00
VNTRIP_1377ea72cce6,2026-07-13,https://www.vntrip.vn/cam-nang/kinh-nghiem-du-lich-ha-long-2025-122597,843.0,2026-07-13T18:05:15.133403+00:00
VNTRIP_05b45505ecb1,2026-07-13,https://www.vntrip.vn/cam-nang/vietnam-airlines-dieu-chinh-khai-thac-do-san-bay-vinh-tam-dong-cua-trong-6-thang-122590,1400.0,2026-07-13T18:05:15.133405+00:00
VNTRIP_233724a976d0,2026-07-13,https://www.vntrip.vn/cam-nang/tron-nong-len-da-lat-thang-6-khi-mua-he-cung-tro-nen-diu-dang-122588,1000.0,2026-07-13T18:05:15.133408+00:00
VNTRIP_03d4d0959f3e,2026-07-13,https://www.vntrip.vn/cam-nang/moc-chau-thang-6-hai-man-san-may-hanh-trinh-cham-vao-ve-dep-hoang-so-cua-nui-rung-tay-bac-122586,1300.0,2026-07-13T18:05:15.133410+00:00
VNTRIP_ab0afa7777cd,2026-07-13,https://www.vntrip.vn/cam-nang/he-2025-di-dau-goi-y-7-bai-bien-dep-o-viet-nam-ban-khong-the-bo-lo-122582,1800.0,2026-07-13T18:05:15.133412+00:00
VNTRIP_a4cdcf4929a9,2026-07-13,https://www.vntrip.vn/cam-nang/huong-dan-du-lich-bac-giang-mua-vai-chup-hinh-dep-an-vai-ngot-trai-nghiem-nho-doi-122580,1300.0,2026-07-13T18:05:15.133415+00:00
VNTRIP_c4667d05eef6,2026-07-13,https://www.vntrip.vn/cam-nang/bamboo-tang-20-kg-hanh-ly-khi-bay-den-thai-lan-122577,918.0,2026-07-13T18:05:23.018952+00:00
VNTRIP_ae5ee9371c4a,2026-07-13,https://www.vntrip.vn/cam-nang/tam-dung-tham-quan-cot-co-lung-cu-122574,770.0,2026-07-13T18:05:26.053621+00:00
VNTRIP_d5b7431aa948,2026-07-13,https://www.vntrip.vn/cam-nang/michelin-vinh-danh-181-nha-hang-va-quan-an-o-viet-nam-nam-2025-122569,1200.0,2026-07-13T18:05:30.380289+00:00
VNTRIP_78151f4d5943,2026-07-13,https://www.vntrip.vn/cam-nang/bay-pho-thong-trai-nghiem-thuong-gia-cung-bamboo-airways-122528,2400.0,2026-07-13T18:05:34.224970+00:00
VNTRIP_2d3963d6e404,2026-07-13,https://www.vntrip.vn/cam-nang/tour-mua-xuan-2024-uu-dai-tu-vntrip-122333,3300.0,2026-07-13T18:05:37.925349+00:00
VNTRIP_8eaecb8c4fb5,2026-07-13,https://www.vntrip.vn/cam-nang/trai-nghiem-chuong-trinh-team-building-kick-off-2024-that-khac-biet-tu-vntrip-122328,3000.0,2026-07-13T18:05:41.838472+00:00
VNTRIP_b295535f0a0d,2026-07-13,https://www.vntrip.vn/cam-nang/cau-hon-phu-quoc-kiss-bridge-bieu-tuong-moi-cua-du-lich-viet-nam-122303,3900.0,2026-07-13T18:05:44.877014+00:00
VNTRIP_f86908f1e73a,2026-07-13,https://www.vntrip.vn/cam-nang/ha-noi-ra-mat-15-san-pham-du-lich-dem-122253,3800.0,2026-07-13T18:05:48.651805+00:00
VNTRIP_f3a3bfb052bd,2026-07-13,https://www.vntrip.vn/cam-nang/nam-2045-mang-den-tro-thanh-trung-tam-du-lich-nghi-duong-tam-co-khu-vuc-122250,2100.0,2026-07-13T18:05:52.408533+00:00
VNTRIP_e04a98efdd5b,2026-07-13,https://www.vntrip.vn/cam-nang/nhung-ngoi-lang-co-o-ha-giang-nhat-dinh-phai-ghe-tham-122231,3500.0,2026-07-13T18:05:56.176007+00:00
VNTRIP_c0b57fcdf373,2026-07-13,https://www.vntrip.vn/cam-nang/den-da-lat-thang-10-co-gi-hay-122194,4900.0,2026-07-13T18:05:59.220184+00:00
VNTRIP_4c9475b1d507,2026-07-13,https://www.vntrip.vn/cam-nang/uu-dai-thang-9-tu-bamboo-122173,2400.0,2026-07-13T18:06:03.122059+00:00
VNTRIP_3e7e6e4d2710,2026-07-13,https://www.vntrip.vn/cam-nang/chill-mua-thu-cung-bamboo-airways-122170,2400.0,2026-07-13T18:06:06.950404+00:00
VNTRIP_4a05273c92b3,2026-07-13,https://www.vntrip.vn/cam-nang/bay-bamboo-tung-bung-chao-mung-quoc-khanh-%f0%9f%87%bb%f0%9f%87%b3%f0%9f%87%bb%f0%9f%87%b3-122159,2500.0,2026-07-13T18:06:10.714237+00:00
VNTRIP_d30aa111c857,2026-07-13,https://www.vntrip.vn/cam-nang/uu-dai-quoc-khanh-122155-122155,2800.0,2026-07-13T18:06:14.583701+00:00
VNTRIP_3c5646795e0e,2026-07-13,https://www.vntrip.vn/cam-nang/ve-bamboo-giam-toi-20-122144,1700.0,2026-07-13T18:06:18.406065+00:00
VNTRIP_ba41f53a5e2a,2026-07-13,https://www.vntrip.vn/cam-nang/uu-dai-quoc-khanh-tu-zalo-pay-va-vntrip-122138,2600.0,2026-07-13T18:06:22.252825+00:00
VNTRIP_e38cfebca831,2026-07-13,https://www.vntrip.vn/cam-nang/sinh-nhat-bamboo-122134,2200.0,2026-07-13T18:06:26.118283+00:00
VNTRIP_aad384c3392b,2026-07-13,https://www.vntrip.vn/cam-nang/sa-sung-vang-rong-tai-quang-ninh-122130,2500.0,2026-07-13T18:06:30.462197+00:00
VNTRIP_5d099ee98300,2026-07-13,https://www.vntrip.vn/cam-nang/lien-hoan-am-thuc-quoc-te-quang-nam-2023-dien-ra-tu-ngay-31-8-3-9-2023-122128,2200.0,2026-07-13T18:06:34.321510+00:00
VNTRIP_bd7f07bcafef,2026-07-13,https://www.vntrip.vn/cam-nang/ban-moi-deal-hoi-nhap-ma-baniu-giam-50-toi-da-50-000d-122121,1600.0,2026-07-13T18:06:41.984908+00:00
VNTRIP_9987377c99a8,2026-07-13,https://www.vntrip.vn/cam-nang/122112-122112,7000.0,2026-07-13T18:06:45.826972+00:00
VNTRIP_26e57123a594,2026-07-13,https://www.vntrip.vn/cam-nang/vi-vu-thai-lan-ngap-tran-uu-dai-122097,2700.0,2026-07-13T18:06:49.619068+00:00
VNTRIP_4e497fa1f185,2026-07-13,https://www.vntrip.vn/cam-nang/he-soi-dong-gia-chan-dong-122092,2600.0,2026-07-13T18:06:53.535942+00:00
VNTRIP_497609b986c1,2026-07-13,https://www.vntrip.vn/cam-nang/9-khach-san-hang-sang-tai-viet-nam-duoc-michelin-guide-goi-ten-ban-da-trai-nghiem-122083,2400.0,2026-07-13T18:06:57.364478+00:00
VNTRIP_26eeed74fe9d,2026-07-13,https://www.vntrip.vn/cam-nang/bo-ra-250-000-usd-theo-tour-mao-hiem-ngam-xac-tau-titanic-122079,1400.0,2026-07-13T18:07:01.123014+00:00
VNTRIP_9092d874759e,2026-07-13,https://www.vntrip.vn/cam-nang/den-ninh-binh-nhat-dinh-phai-thu-mon-an-sau-122035,2800.0,2026-07-13T18:07:05.017115+00:00
VNTRIP_d0490aa7c8f6,2026-07-13,https://www.vntrip.vn/cam-nang/uu-dai-ve-bamboo-tu-vntrip-he-2023-122031,1500.0,2026-07-13T18:07:08.840039+00:00
VNTRIP_df1488cd9afa,2026-07-13,https://www.vntrip.vn/cam-nang/16-quan-ca-phe-dep-nhuc-nach-o-mang-den-khong-the-bo-qua-2023-121950,11300.0,2026-07-13T18:07:12.718028+00:00
VNTRIP_bfbd3e0c20bc,2026-07-13,https://www.vntrip.vn/cam-nang/6-dia-diem-check-in-gay-sot-cong-dong-mang-nam-2023-o-da-lat-121960,7100.0,2026-07-13T18:07:16.563445+00:00
VNTRIP_7b68fcebcf01,2026-07-13,https://www.vntrip.vn/cam-nang/hoi-an-khong-bat-buoc-khach-le-mua-ve-vao-pho-co-121963,1700.0,2026-07-13T18:07:20.296013+00:00
VNTRIP_8444ed920595,2026-07-13,https://www.vntrip.vn/cam-nang/16-mon-dac-san-hue-nhat-dinh-khong-the-bo-qua-khi-den-tham-dat-co-do-121843,7300.0,2026-07-13T18:07:24.179847+00:00
VNTRIP_c7f8c9f54530,2026-07-13,https://www.vntrip.vn/cam-nang/kinh-nghiem-du-lich-le-hoi-den-hung-2023-121910,2800.0,2026-07-13T18:07:28.120793+00:00
VNTRIP_321d775ef88b,2026-07-13,https://www.vntrip.vn/cam-nang/5-khach-san-sang-trong-nhat-viet-nam-2023-121700,5800.0,2026-07-13T18:07:32.369018+00:00
VNTRIP_59294e658dd6,2026-07-13,https://www.vntrip.vn/cam-nang/5-nha-hang-lon-cap-nach-sapa-ngon-chat-luong-nhat-2023-121768,9100.0,2026-07-13T18:07:36.283475+00:00
VNTRIP_ae30fd9b1bb5,2026-07-13,https://www.vntrip.vn/cam-nang/an-giang-an-gi-top-5-nha-hang-noi-tieng-nhat-long-xuyen-an-giang-121778,3400.0,2026-07-13T18:07:40.038441+00:00
VNTRIP_794bcb3dbe09,2026-07-13,https://www.vntrip.vn/cam-nang/chiem-nguong-dai-bao-thap-kinh-luan-dat-vang-lon-nhat-the-gioi-tai-da-lat-121799,4500.0,2026-07-13T18:07:43.879463+00:00
VNTRIP_89994ddbb845,2026-07-13,https://www.vntrip.vn/cam-nang/10-quan-an-ngon-bo-re-o-tuy-hoa-khong-the-bo-qua-121750,13000.0,2026-07-13T18:07:47.732995+00:00
VNTRIP_003cb125038c,2026-07-13,https://www.vntrip.vn/cam-nang/diem-danh-8-loai-hoa-thang-4-no-ro-khap-3-mien-2023-121672,3700.0,2026-07-13T18:07:51.626595+00:00
VNTRIP_d42ffeddc637,2026-07-13,https://www.vntrip.vn/cam-nang/review-tu-tuc-nhat-ban-mua-dong-8-ngay-7-dem-121635,1500.0,2026-07-13T18:07:55.487142+00:00
VNTRIP_7a72344b740e,2026-07-13,https://www.vntrip.vn/cam-nang/don-binh-minh-tren-bien-can-gio-121612,1500.0,2026-07-13T18:08:03.273712+00:00
VNTRIP_22aa6c37ad76,2026-07-13,https://www.vntrip.vn/cam-nang/macau-khoi-phuc-cac-chuyen-bay-den-da-nang-trong-thang-ba-121604,924.0,2026-07-13T18:08:07.050100+00:00
VNTRIP_5242b98b7beb,2026-07-13,https://www.vntrip.vn/cam-nang/moc-chau-mua-hoa-thuong-nho-121591,1200.0,2026-07-13T18:08:10.607737+00:00
VNTRIP_3a5a2bd05540,2026-07-13,https://www.vntrip.vn/cam-nang/thang-3-di-dau-du-lich-la-tuyet-nhat-121559,1100.0,2026-07-13T18:08:14.363652+00:00
VNTRIP_362c3543ded2,2026-07-13,https://www.vntrip.vn/cam-nang/cach-thai-lan-khien-khach-viet-quay-lai-nhieu-lan-121555,1000.0,2026-07-13T18:08:18.168672+00:00
VNTRIP_3ff82cef8be0,2026-07-13,https://www.vntrip.vn/cam-nang/du-lich-moc-chau-thang-3-co-gi-nhung-dieu-can-chuan-bi-khi-di-moc-chau-121481,2100.0,2026-07-13T18:08:21.995821+00:00
VNTRIP_615a743e5fb1,2026-07-13,https://www.vntrip.vn/cam-nang/diem-den-tam-linh-noi-tieng-o-thai-nguyen-121541,1600.0,2026-07-13T18:08:25.800726+00:00
VNTRIP_f740f160d338,2026-07-13,https://www.vntrip.vn/cam-nang/binh-chon-cho-du-lich-viet-nam-tai-giai-thuong-du-lich-the-gioi-2023-121537,901.0,2026-07-13T18:08:29.630642+00:00
VNTRIP_6f3e1e14cce2,2026-07-13,https://www.vntrip.vn/cam-nang/viet-nam-la-diem-den-ua-thich-cua-thi-truong-khach-han-quoc-nhat-ban-va-dai-loan-121534,849.0,2026-07-13T18:08:33.872261+00:00
VNTRIP_d34577a418dd,2026-07-13,https://www.vntrip.vn/cam-nang/sac-man-cao-nguyen-trang-lam-say-long-du-khach-121528,883.0,2026-07-13T18:08:37.664906+00:00
VNTRIP_cf75f9229b6b,2026-07-13,https://www.vntrip.vn/cam-nang/thoi-diem-dat-phong-khach-san-de-co-gia-tot-nhat-121525,863.0,2026-07-13T18:08:41.447684+00:00
VNTRIP_938784f1c443,2026-07-13,https://www.vntrip.vn/cam-nang/ve-nam-o-xem-lang-chai-co-121505,1100.0,2026-07-13T18:08:45.311524+00:00
VNTRIP_611e619e1a39,2026-07-13,https://www.vntrip.vn/cam-nang/vi-vu-bamboo-bung-no-uu-dai-chi-duy-nhat-tren-vntrip-121499,2400.0,2026-07-13T18:08:49.021936+00:00
VNTRIP_899e02f03b4d,2026-07-13,https://www.vntrip.vn/cam-nang/du-lich-sapa-thang-3-co-gi-121455,1400.0,2026-07-13T18:08:52.869560+00:00
VNTRIP_9f4032e4bf7a,2026-07-13,https://www.vntrip.vn/cam-nang/ly-do-khien-nui-thieng-ba-den-tay-ninh-don-luong-khach-ky-luc-trong-thang-gieng-121487,1200.0,2026-07-13T18:08:56.697586+00:00
VNTRIP_215ee034f1b7,2026-07-13,https://www.vntrip.vn/cam-nang/thang-3-nen-di-du-lich-o-dau-mien-bac-121467,1500.0,2026-07-13T18:09:00.560252+00:00
VNTRIP_6ca229285d89,2026-07-13,https://www.vntrip.vn/cam-nang/da-lat-muon-mo-casino-cho-dem-121446,946.0,2026-07-13T18:09:04.376340+00:00
VNTRIP_0451369c34b6,2026-07-13,https://www.vntrip.vn/cam-nang/da-lat-deo-prenn-se-dong-de-thi-cong-sau-tet-nguyen-dan-121346,960.0,2026-07-13T18:09:08.207519+00:00
VNTRIP_a0f0a5952646,2026-07-13,https://www.vntrip.vn/cam-nang/du-xuan-quy-mao-nhung-ngoi-chua-noi-tieng-o-tp-hcm-121329,911.0,2026-07-13T18:09:12.039547+00:00
VNTRIP_c2004532809b,2026-07-13,https://www.vntrip.vn/cam-nang/mai-anh-dao-bung-no-ruc-ro-khach-du-lich-do-ve-da-lat-chiem-nguong-121393,831.0,2026-07-13T18:09:15.819004+00:00
VNTRIP_e81f962a0ef4,2026-07-13,https://www.vntrip.vn/cam-nang/khuyen-mai-bay-bamboo-airways-giam-ngay-20-tren-vntrip-vn-121301,1500.0,2026-07-13T18:09:23.573787+00:00
VNTRIP_7d8f2e3be365,2026-07-13,https://www.vntrip.vn/cam-nang/hoi-an-lo%cc%a3t-danh-sach-25-thanh-pho-dep-nhat-the-gioi-121282,996.0,2026-07-13T18:09:27.305624+00:00
VNTRIP_9dfbb8704457,2026-07-13,https://www.vntrip.vn/cam-nang/du-xuan-mang-den-ngam-mai-anh-dao-121263,953.0,2026-07-13T18:09:31.135402+00:00
VNTRIP_7f603271df5b,2026-07-13,https://www.vntrip.vn/cam-nang/nhung-dia-diem-du-lich-dau-nam-mien-bac-nen-di-mot-lan-trong-doi-121215,1100.0,2026-07-13T18:09:35.435379+00:00
VNTRIP_5e2cda970b89,2026-07-13,https://www.vntrip.vn/cam-nang/hanh-trinh-noi-dai-yeu-thuong-xuan-ve-tren-then-chu-phin-121285,844.0,2026-07-13T18:09:39.270157+00:00
VNTRIP_32f830672dc2,2026-07-13,https://www.vntrip.vn/cam-nang/top-5-phan-mem-quan-ly-nhan-su-doanh-nghiep-nen-dung-trong-nam-2023-121240,1300.0,2026-07-13T18:09:43.070351+00:00
VNTRIP_ad8ee2648dbc,2026-07-13,https://www.vntrip.vn/cam-nang/nhung-diem-du-xuan-thu-vi-o-nghe-an-121204,1200.0,2026-07-13T18:09:46.889035+00:00
VNTRIP_5a318ca3500c,2026-07-13,https://www.vntrip.vn/cam-nang/chuan-bi-don-du-khach-trung-quoc-121197,726.0,2026-07-13T18:09:50.701820+00:00
VNTRIP_2dcc326cd9ae,2026-07-13,https://www.vntrip.vn/cam-nang/du-khach-tap-nap-san-may-tren-dinh-fansipan-121169,790.0,2026-07-13T18:09:54.482335+00:00
VNTRIP_c520266d78cd,2026-07-13,https://www.vntrip.vn/cam-nang/travel-off-path-binh-cho%cc%a3n-thanh-pho-ho-chi-minh-la-diem-den-xu-huong-hang-dau-chau-a-nam-2023-121157,1000.0,2026-07-13T18:09:58.211150+00:00
VNTRIP_c7d7464d65b7,2026-07-13,https://www.vntrip.vn/cam-nang/phu-quoc-da-lat-sa-pa-chay-phong-dip-tet-duong-lich-2023-121143,710.0,2026-07-13T18:10:01.985566+00:00
VNTRIP_f2882a2bced8,2026-07-13,https://www.vntrip.vn/cam-nang/10-dia-diem-don-giao-thua-tuyet-voi-nhat-the-gioi-121131,5200.0,2026-07-13T18:10:05.823708+00:00
VNTRIP_ae1c35bec0e8,2026-07-13,https://www.vntrip.vn/cam-nang/tay-nguyen-mua-thay-la-121088,878.0,2026-07-13T18:10:09.714244+00:00
VNTRIP_6881e412e194,2026-07-13,https://www.vntrip.vn/cam-nang/cac-dia-diem-du-lich-tet-o-mien-tay-cac-ban-se-tiec-nuoi-khi-bo-lo-121073,1500.0,2026-07-13T18:10:13.683072+00:00
VNTRIP_07e5a3063fe7,2026-07-13,https://www.vntrip.vn/cam-nang/cach-dat-phong-khach-san-bang-tieng-anh-don-gian-121056,3000.0,2026-07-13T18:10:17.495511+00:00
VNTRIP_29f80ee78daa,2026-07-13,https://www.vntrip.vn/cam-nang/nhung-khach-san-cho-phep-du-khach-khoa-than-doc-la-tren-the-gioi-121065,1100.0,2026-07-13T18:10:21.384370+00:00
VNTRIP_222392a1dc9a,2026-07-13,https://www.vntrip.vn/cam-nang/top-10-dia-diem-du-lich-viet-nam-duoc-tim-kiem-nhieu-nhat-trong-nam-2022-121005,4900.0,2026-07-13T18:10:25.272042+00:00
VNTRIP_a6bb48520728,2026-07-13,https://www.vntrip.vn/cam-nang/top-ung-dung-quan-ly-nhan-su-tren-iphone-va-android-121031,1000.0,2026-07-13T18:10:28.930995+00:00
VNTRIP_7e28caaaa0e0,2026-07-13,https://www.vntrip.vn/cam-nang/cac-dia-diem-du-lich-da-lat-ly-tuong-cho-gia-dinh-121017,1200.0,2026-07-13T18:10:32.770979+00:00
VNTRIP_93cebebc07fb,2026-07-13,https://www.vntrip.vn/cam-nang/tiep-noi-chuong-trinh-thien-nguyen-vntrip-cho-di-la-con-mai-121051,690.0,2026-07-13T18:10:36.637750+00:00
VNTRIP_7c9e29f5a309,2026-07-13,https://www.vntrip.vn/cam-nang/4-xu-huong-du-lich-pho-bien-the-gioi-nam-2022-121041,5200.0,2026-07-13T18:10:44.507656+00:00
VNTRIP_ccba19b8a8dd,2026-07-13,https://www.vntrip.vn/cam-nang/du-khach-thich-thu-san-bang-gia-tren-cac-dinh-nui-cao-tai-bat-xat-120993,737.0,2026-07-13T18:10:48.344545+00:00
VNTRIP_d3f4e109055f,2026-07-13,https://www.vntrip.vn/cam-nang/chi-phi-doanh-nghiep-gom-nhung-gi-cac-loai-chi-phi-doanh-nghiep-120957,1600.0,2026-07-13T18:10:52.121819+00:00
VNTRIP_7ea79dab1408,2026-07-13,https://www.vntrip.vn/cam-nang/nhung-ung-dung-cong-nghe-trong-quan-ly-nhan-su-noi-bat-120966,1400.0,2026-07-13T18:10:56.075580+00:00
VNTRIP_6335b13f8357,2026-07-13,https://www.vntrip.vn/cam-nang/cac-dia-diem-du-lich-gan-nhau-o-da-lat-khong-nen-bo-qua-trong-lich-trinh-120974,3200.0,2026-07-13T18:10:59.959385+00:00
VNTRIP_6cbb4df81e84,2026-07-13,https://www.vntrip.vn/cam-nang/nam-2022-du-lich-noi-dia-vuot-moc-ky-vong-120941,905.0,2026-07-13T18:11:03.831446+00:00
VNTRIP_93efe341f61c,2026-07-13,https://www.vntrip.vn/cam-nang/quy-dinh-ve-di-cong-tac-nuoc-ngoai-thu-tuc-va-chi-phi-cong-tac-nuoc-ngoai-120934,2800.0,2026-07-13T18:11:07.714743+00:00
VNTRIP_8899b25a1828,2026-07-13,https://www.vntrip.vn/cam-nang/lung-linh-anh-den-dem-pho-co-120927,1200.0,2026-07-13T18:11:11.560787+00:00
VNTRIP_9593e7a955d9,2026-07-13,https://www.vntrip.vn/cam-nang/4-diem-du-lich-dep-trong-nuoc-cho-thang-12-120921,5200.0,2026-07-13T18:11:15.387570+00:00
VNTRIP_df227b1037ed,2026-07-13,https://www.vntrip.vn/cam-nang/7-thanh-pho-du-lich-an-toan-nhat-the-gioi-nam-2023-120912,1300.0,2026-07-13T18:11:19.257158+00:00
VNTRIP_7fb29b7f3a00,2026-07-13,https://www.vntrip.vn/cam-nang/cach-dat-phong-khach-san-o-sapa-120872,988.0,2026-07-13T18:11:22.832794+00:00
VNTRIP_e6bc4e8ce4f6,2026-07-13,https://www.vntrip.vn/cam-nang/dia-diem-di-choi-gan-ha-noi-mua-dong-ly-tuong-120882,1100.0,2026-07-13T18:11:26.723899+00:00
VNTRIP_37c5be62117f,2026-07-13,https://www.vntrip.vn/cam-nang/trien-de-long-bien-tran-ngap-co-lau-trang-muot-gioi-tre-ha-noi-xung-xinh-toi-check-in-120863,1600.0,2026-07-13T18:11:30.575077+00:00
VNTRIP_789c4748bd92,2026-07-13,https://www.vntrip.vn/cam-nang/dia-diem-du-xuan-cau-binh-an-ly-tuong-cho-ngay-dau-nam-2023-120849,878.0,2026-07-13T18:11:34.378849+00:00
VNTRIP_2621644b2383,2026-07-13,https://www.vntrip.vn/cam-nang/4-diem-nghi-duong-gan-ha-noi-co-khu-vui-choi-cho-tre-em-120843,6000.0,2026-07-13T18:11:38.149111+00:00
VNTRIP_2a38e002d9e9,2026-07-13,https://www.vntrip.vn/cam-nang/khach-quoc-te-den-viet-nam-dat-gan-3-trieu-luot-120835,688.0,2026-07-13T18:11:42.274575+00:00
VNTRIP_6d415c9fec21,2026-07-13,https://www.vntrip.vn/cam-nang/goi-y-cac-y-tuong-trang-tri-tet-cho-khach-san-thu-hut-khach-hang-120780,2100.0,2026-07-13T18:11:46.114681+00:00
VNTRIP_0e3a3b73108d,2026-07-13,https://www.vntrip.vn/cam-nang/cac-le-hoi-ngay-tet-o-viet-nam-ban-da-biet-chua-120794,2400.0,2026-07-13T18:11:49.897339+00:00
VNTRIP_6845f0e4fa0b,2026-07-13,https://www.vntrip.vn/cam-nang/tet-nam-nay-di-du-lich-o-dau-cac-dia-diem-du-lich-tet-2023-khong-the-bo-qua-120807,1300.0,2026-07-13T18:11:53.772320+00:00
VNTRIP_f93e596559ed,2026-07-13,https://www.vntrip.vn/cam-nang/tet-o-sai-gon-co-gi-dac-biet-tet-o-sai-gon-nen-di-dau-choi-120822,1600.0,2026-07-13T18:11:57.238642+00:00
VNTRIP_22a178d35af3,2026-07-13,https://www.vntrip.vn/cam-nang/cac-giai-doan-chuyen-doi-so-cua-doanh-nghiep-ban-can-biet-120762,1100.0,2026-07-13T18:12:05.151971+00:00
VNTRIP_207be72ed139,2026-07-13,https://www.vntrip.vn/cam-nang/cach-mo-tivi-tren-xe-giuong-nam-120768,7000.0,2026-07-13T18:12:08.993247+00:00
VNTRIP_458ad3fe2b47,2026-07-13,https://www.vntrip.vn/cam-nang/xon-xao-dam-may-hinh-dia-bay-tren-nui-ba-den-120756,1100.0,2026-07-13T18:12:12.809317+00:00
VNTRIP_ce36114482a8,2026-07-13,https://www.vntrip.vn/cam-nang/da-lat-dang-vao-mua-dep-nhat-nam-120751,894.0,2026-07-13T18:12:16.589365+00:00
VNTRIP_d607f79d80e1,2026-07-13,https://www.vntrip.vn/cam-nang/top-khach-san-4-sao-tay-ninh-ban-khong-nen-bo-lo-120731,1200.0,2026-07-13T18:12:20.392143+00:00
VNTRIP_ff79703e7875,2026-07-13,https://www.vntrip.vn/cam-nang/mua-tam-giac-mach-dep-me-hon-giua-long-ha-giang-120722,1100.0,2026-07-13T18:12:24.265922+00:00
VNTRIP_8c829a8f2afc,2026-07-13,https://www.vntrip.vn/cam-nang/3-hang-dong-dep-nao-long-lai-khong-kho-chinh-phuc-o-quang-binh-120710,4800.0,2026-07-13T18:12:28.078398+00:00
VNTRIP_50747ca5fceb,2026-07-13,https://www.vntrip.vn/cam-nang/kinh-nghiem-san-ve-may-bay-tet-2023-gia-re-120689,914.0,2026-07-13T18:12:31.870137+00:00
VNTRIP_9c0eb3be09c1,2026-07-13,https://www.vntrip.vn/cam-nang/nhung-diem-du-lich-tuyet-dep-khong-the-bo-qua-khi-den-co-to-120681,835.0,2026-07-13T18:12:35.592051+00:00
VNTRIP_1b58f767edd6,2026-07-13,https://www.vntrip.vn/cam-nang/me-man-ngam-mua-hong-chin-triu-qua-tren-cao-nguyen-moc-chau-120671,804.0,2026-07-13T18:12:39.594314+00:00
VNTRIP_276445f7d405,2026-07-13,https://www.vntrip.vn/cam-nang/ha-noi-lien-tiep-nhan-cac-giai-thuong-danh-gia-ve-du-lich-120653,740.0,2026-07-13T18:12:43.712247+00:00
VNTRIP_e602d5a21916,2026-07-13,https://www.vntrip.vn/cam-nang/kinh-nghiem-dat-phong-khach-san-dip-le-tet-120642,1200.0,2026-07-13T18:12:47.537606+00:00
VNTRIP_ac16f654443f,2026-07-13,https://www.vntrip.vn/cam-nang/viet-nam-nhan-nhieu-giai-thuong-tai-world-travel-awards-2022-120638,777.0,2026-07-13T18:12:51.393942+00:00
VNTRIP_94798dd5fea2,2026-07-13,https://www.vntrip.vn/cam-nang/ha-noi-trong-top-diem-den-duoc-khach-quoc-te-tim-kiem-nhieu-nhat-120628,589.0,2026-07-13T18:12:55.221910+00:00
VNTRIP_654a517cce24,2026-07-13,https://www.vntrip.vn/cam-nang/du-lich-hue-mua-buon-nhat-nam-co-gi-dac-biet-120610,844.0,2026-07-13T18:12:59.033586+00:00
VNTRIP_3b82f7b2e8ba,2026-07-13,https://www.vntrip.vn/cam-nang/loi-ich-cua-tms-voi-doanh-nghiep-la-gi-120603,1100.0,2026-07-13T18:13:02.850074+00:00
VNTRIP_2f594a6bfe33,2026-07-13,https://www.vntrip.vn/cam-nang/chuyen-doi-so-trong-y-te-la-gi-tam-quan-trong-cua-chuyen-doi-so-trong-y-te-120584,1200.0,2026-07-13T18:13:06.759489+00:00
VNTRIP_3a8e7c479f6d,2026-07-13,https://www.vntrip.vn/cam-nang/nhung-kho-khan-tren-con-duong-chuyen-doi-so-cua-doanh-nghiep-120575,1400.0,2026-07-13T18:13:10.532171+00:00
VNTRIP_5260e63d5e0f,2026-07-13,https://www.vntrip.vn/cam-nang/kinh-nghiem-huu-ich-khi-di-cong-tac-nuoc-ngoai-ban-nen-biet-120553,2100.0,2026-07-13T18:13:14.499992+00:00
VNTRIP_cea139350349,2026-07-13,https://www.vntrip.vn/cam-nang/thuc-trang-chuyen-doi-so-o-viet-nam-hien-nay-120562,1200.0,2026-07-13T18:13:18.010777+00:00
VNTRIP_ecc28f7581b4,2026-07-13,https://www.vntrip.vn/cam-nang/mat-bao-nhieu-chi-phi-cho-chuyen-du-lich-ket-hop-xem-world-cup-2022-120538,1000.0,2026-07-13T18:13:25.841135+00:00
VNTRIP_47c5ccd48bab,2026-07-13,https://www.vntrip.vn/cam-nang/giai-phap-quan-ly-chuyen-cong-tac-hieu-qua-nhanh-gon-120526,1100.0,2026-07-13T18:13:29.703575+00:00
VNTRIP_8bafd09a5f61,2026-07-13,https://www.vntrip.vn/cam-nang/ga-sai-gon-ngay-dau-mo-ban-ve-tau-tet-2023-120508,816.0,2026-07-13T18:13:33.563057+00:00
VNTRIP_812c890a04ef,2026-07-13,https://www.vntrip.vn/cam-nang/chuyen-doi-so-quoc-gia-la-gi-ngay-chuyen-doi-so-quoc-gia-la-ngay-nao-120475,1600.0,2026-07-13T18:13:37.339524+00:00
VNTRIP_3211aab3d9ce,2026-07-13,https://www.vntrip.vn/cam-nang/phan-biet-chuyen-doi-so-va-so-hoa-vi-du-ve-chuyen-doi-so-va-so-hoa-120484,1100.0,2026-07-13T18:13:41.365963+00:00
VNTRIP_2ab136e539f1,2026-07-13,https://www.vntrip.vn/cam-nang/loi-ich-khi-di-du-lich-mua-thap-diem-mua-thap-diem-trong-du-lich-la-thang-may-120454,1700.0,2026-07-13T18:13:45.546331+00:00
VNTRIP_e96e7f7156bc,2026-07-13,https://www.vntrip.vn/cam-nang/nhung-sai-lam-pho-bien-trong-quan-ly-chuyen-cong-tac-cua-nhan-vien-120448,1100.0,2026-07-13T18:13:49.347854+00:00
VNTRIP_fea29e4b2270,2026-07-13,https://www.vntrip.vn/cam-nang/top-5-dia-diem-san-may-dep-nhu-tien-canh-o-viet-nam-120468,1500.0,2026-07-13T18:13:53.190184+00:00
VNTRIP_9b711a472713,2026-07-13,https://www.vntrip.vn/cam-nang/cac-san-pham-chuyen-doi-so-dac-trung-cua-cac-doanh-nghiep-hien-nay-120423,1200.0,2026-07-13T18:13:57.041674+00:00
VNTRIP_2430f065057c,2026-07-13,https://www.vntrip.vn/cam-nang/cac-cong-ty-tu-van-va-cung-cap-dich-vu-chuyen-doi-so-hang-dau-hien-nay-120411,951.0,2026-07-13T18:14:00.843803+00:00
VNTRIP_3fab734047e4,2026-07-13,https://www.vntrip.vn/cam-nang/duong-bay-ha-noi-tp-hcm-lot-top-duong-bay-nhon-nhip-nhat-the-gioi-120435,919.0,2026-07-13T18:14:04.574190+00:00
VNTRIP_6ab96e1e47b5,2026-07-13,https://www.vntrip.vn/cam-nang/viet-nam-nam-trong-danh-sach-nhung-nen-am-thuc-hang-dau-the-gioi-120432,862.0,2026-07-13T18:14:08.453547+00:00
VNTRIP_ec5342db56b8,2026-07-13,https://www.vntrip.vn/cam-nang/phu-quoc-nam-trong-top-10-hon-dao-duoc-yeu-thich-nhat-chau-a-120408,1100.0,2026-07-13T18:14:12.245249+00:00
VNTRIP_e363b9080467,2026-07-13,https://www.vntrip.vn/cam-nang/viet-nam-vao-top-diem-den-duoc-du-khach-australia-tim-kiem-nhieu-nhat-120406,755.0,2026-07-13T18:14:16.071884+00:00
VNTRIP_a3331a8b8876,2026-07-13,https://www.vntrip.vn/cam-nang/cac-cong-ty-da-thanh-cong-nho-chuyen-doi-so-dien-hinh-120393,1600.0,2026-07-13T18:14:19.688969+00:00
VNTRIP_5cfc80f4b7c9,2026-07-13,https://www.vntrip.vn/cam-nang/chuyen-doi-so-la-gi-cac-khai-niem-ve-chuyen-doi-so-ban-can-biet-120325,1800.0,2026-07-13T18:14:23.839923+00:00
VNTRIP_0e03d2b97e53,2026-07-13,https://www.vntrip.vn/cam-nang/viet-nam-da-lam-duoc-gi-khi-chuyen-doi-so-120386,505.0,2026-07-13T18:14:27.690520+00:00
VNTRIP_baa5e00b42b1,2026-07-13,https://www.vntrip.vn/cam-nang/10-diem-den-tuyet-voi-cho-hanh-trinh-kham-pha-viet-nam-120383,5200.0,2026-07-13T18:14:31.571094+00:00
VNTRIP_ab38bdacda90,2026-07-13,https://www.vntrip.vn/cam-nang/top-10-khach-san-view-dep-o-da-lat-gia-re-nam-2022-120338,1500.0,2026-07-13T18:14:35.458595+00:00
VNTRIP_b34d4a5cf975,2026-07-13,https://www.vntrip.vn/cam-nang/ngay-10-10-tro-thanh-dau-moc-lich-su-trong-chuyen-doi-so-quoc-gia-120375,903.0,2026-07-13T18:14:39.369853+00:00
VNTRIP_2de8ad093f3f,2026-07-13,https://www.vntrip.vn/cam-nang/sieu-sale-10-10-san-ve-bamboo-airways-chi-19k-120320,968.0,2026-07-13T18:14:47.618460+00:00
VNTRIP_fa3734dcb2ad,2026-07-13,https://www.vntrip.vn/cam-nang/9-thang-nam-2022-khach-quoc-te-den-viet-nam-tang-164-lan-120317,780.0,2026-07-13T18:14:51.464450+00:00
VNTRIP_f718a621d559,2026-07-13,https://www.vntrip.vn/cam-nang/da-lau-toi-chua-du-lich-cung-bo-me-120308,877.0,2026-07-13T18:14:55.404034+00:00
VNTRIP_5a30f9c81db6,2026-07-13,https://www.vntrip.vn/cam-nang/top-10-khach-san-sapa-co-be-boi-nuoc-nong-sang-chanh-120204,4400.0,2026-07-13T18:14:59.255544+00:00
VNTRIP_fffcd057dd11,2026-07-13,https://www.vntrip.vn/cam-nang/10-san-bay-tam-dong-cua-vi-bao-noru-120280,5100.0,2026-07-13T18:15:03.077012+00:00
VNTRIP_9e6046c9337c,2026-07-13,https://www.vntrip.vn/cam-nang/sapa-co-dac-san-gi-lam-qua-mua-gi-lam-qua-khi-di-du-lich-sapa-120184,3700.0,2026-07-13T18:15:06.845563+00:00
VNTRIP_0fb1e81b9ea0,2026-07-13,https://www.vntrip.vn/cam-nang/top-nha-xe-di-sapa-tuyen-ha-noi-sapa-tot-nhat-2022-120223,1100.0,2026-07-13T18:15:10.410319+00:00
VNTRIP_ff33e8b0dbdf,2026-07-13,https://www.vntrip.vn/cam-nang/deal-khung-mua-thu-vi-vu-khap-chon-cung-lotte-finance-x-vntrip-120259,3500.0,2026-07-13T18:15:14.254364+00:00
VNTRIP_a4e9a93071ab,2026-07-13,https://www.vntrip.vn/cam-nang/tms-nghia-la-gi-tms-viet-tat-cua-tu-gi-he-thong-tms-la-gi-120246,3300.0,2026-07-13T18:15:18.275802+00:00
VNTRIP_40517e413529,2026-07-13,https://www.vntrip.vn/cam-nang/doan-van-hau-podcast-1-myceleb-vn-120226,1200.0,2026-07-13T18:15:21.313775+00:00
VNTRIP_a0c15da574ba,2026-07-13,https://www.vntrip.vn/cam-nang/du-khach-xao-xuyen-ngam-mimosa-vang-ruc-da-lat-120190,1000.0,2026-07-13T18:15:25.198908+00:00
VNTRIP_d724389b6bee,2026-07-13,https://www.vntrip.vn/cam-nang/thoi-tiet-sapa-nhung-thang-cuoi-nam-nhu-the-nao-120175,3500.0,2026-07-13T18:15:28.843976+00:00
VNTRIP_26cb2d8612e6,2026-07-13,https://www.vntrip.vn/cam-nang/di-du-lich-vung-tau-can-chuan-bi-nhung-gi-120152,3200.0,2026-07-13T18:15:32.806172+00:00
VNTRIP_f7559835ad39,2026-07-13,https://www.vntrip.vn/cam-nang/check-in-sai-gon-chu-du-qua-mien-song-dong-120162,849.0,2026-07-13T18:15:36.735044+00:00
VNTRIP_2b781a96e066,2026-07-13,https://www.vntrip.vn/cam-nang/review-bien-vo-cuc-thai-binh-cuc-ao-dang-khuay-dao-gioi-tre-119982,3700.0,2026-07-13T18:15:40.559289+00:00
VNTRIP_5a4e00bb9bdb,2026-07-13,https://www.vntrip.vn/cam-nang/top-4-ho-boi-vo-cuc-vung-tau-khien-ban-ngat-ngay-vi-qua-dep-120039,4000.0,2026-07-13T18:15:43.602803+00:00
VNTRIP_e7a38a0ea66b,2026-07-13,https://www.vntrip.vn/cam-nang/bamboo-airways-tang-tan-suat-bay-tp-hcm-bangkok-120032,1200.0,2026-07-13T18:15:47.418261+00:00
VNTRIP_adfdcf64fe96,2026-07-13,https://www.vntrip.vn/cam-nang/nhung-dia-diem-du-lich-mot-ngay-gan-thanh-pho-ho-chi-minh-khong-nen-bo-lo-119963,1500.0,2026-07-13T18:15:51.539901+00:00
VNTRIP_ce53204eb07c,2026-07-13,https://www.vntrip.vn/cam-nang/nhung-kho-khan-trong-quan-tri-nhan-su-doanh-nghiep-hay-gap-phai-119933,1400.0,2026-07-13T18:15:55.434119+00:00
VNTRIP_30fd44c77165,2026-07-13,https://www.vntrip.vn/cam-nang/du-bao-thoi-tiet-dip-nghi-le-2-9-chieu-toi-co-the-mua-dong-119931,804.0,2026-07-13T18:15:59.293035+00:00
VNTRIP_5f805ac4d16b,2026-07-13,https://www.vntrip.vn/cam-nang/choi-gi-o-hue-dip-le-2-9-119917,859.0,2026-07-13T18:16:07.188676+00:00
VNTRIP_96082d4381b9,2026-07-13,https://www.vntrip.vn/cam-nang/gia-ve-may-bay-tet-duong-lich-2023-va-tet-quy-mao-cao-ngat-nguong-119894,858.0,2026-07-13T18:16:11.093718+00:00
VNTRIP_f3ab9ef515d0,2026-07-13,https://www.vntrip.vn/cam-nang/cao-nguyen-da-dong-van-hanh-trinh-den-tu-hao-va-hanh-phuc-119887,1400.0,2026-07-13T18:16:14.948822+00:00
VNTRIP_d9017acbab60,2026-07-13,https://www.vntrip.vn/cam-nang/vietjet-chinh-thuc-mo-ban-ve-may-bay-tet-2023-som-chi-tu-619k-119883,829.0,2026-07-13T18:16:18.826757+00:00
VNTRIP_4e362222eba8,2026-07-13,https://www.vntrip.vn/cam-nang/da-lat-lot-top-6-diem-hen-ho-lang-man-nhat-the-gioi-119874,875.0,2026-07-13T18:16:22.707130+00:00
VNTRIP_a73867f7cf42,2026-07-13,https://www.vntrip.vn/cam-nang/du-lich-sun-world-ba-na-hills-mua-he-nay-day-la-nhung-trai-nghiem-moi-can-thu-119868,833.0,2026-07-13T18:16:26.509857+00:00
VNTRIP_ba0591249a07,2026-07-13,https://www.vntrip.vn/cam-nang/kinh-nghiem-khi-dang-du-lich-thi-gap-mua-bao-119858,967.0,2026-07-13T18:16:30.306127+00:00
VNTRIP_dc714bd59df9,2026-07-13,https://www.vntrip.vn/cam-nang/meo-phoi-do-di-da-lat-cho-cac-ban-nam-cuc-chat-119746,1200.0,2026-07-13T18:16:33.832211+00:00
VNTRIP_9a774ba4be10,2026-07-13,https://www.vntrip.vn/cam-nang/nhung-dia-diem-du-lich-da-nang-2022-ban-nhat-dinh-phai-di-119783,2000.0,2026-07-13T18:16:37.648209+00:00
VNTRIP_9cdaf950de7c,2026-07-13,https://www.vntrip.vn/cam-nang/luong-khach-tang-dot-bien-hang-khong-bat-tang-doanh-thu-loi-nhuan-6-thang-119842,846.0,2026-07-13T18:16:41.398956+00:00
VNTRIP_0a19d46716cd,2026-07-13,https://www.vntrip.vn/cam-nang/phoi-do-di-da-lat-cho-cac-ban-nu-xinh-ngat-ngay-2022-119758,1400.0,2026-07-13T18:16:45.222918+00:00
VNTRIP_f4eb439e0660,2026-07-13,https://www.vntrip.vn/cam-nang/choi-va-di-dau-khi-du-lich-mui-ne-thang-8-119799,1200.0,2026-07-13T18:16:49.184676+00:00
VNTRIP_8f47a9cd2a9e,2026-07-13,https://www.vntrip.vn/cam-nang/kinh-nghiem-du-lich-hoi-an-an-choi-gi-o-pho-co-119812,1600.0,2026-07-13T18:16:52.999762+00:00
VNTRIP_d5f47103ffcf,2026-07-13,https://www.vntrip.vn/cam-nang/dong-cua-san-bay-con-dao-trong-9-thang-du-khach-chi-co-2-lua-chon-de-ra-dao-119828,790.0,2026-07-13T18:16:56.831614+00:00
VNTRIP_6408cafdd122,2026-07-13,https://www.vntrip.vn/cam-nang/phoi-do-di-du-lich-mua-he-cuc-bat-trend-2022-119604,1200.0,2026-07-13T18:17:00.625097+00:00
VNTRIP_6346490ca89a,2026-07-13,https://www.vntrip.vn/cam-nang/bat-mi-top-nhung-dia-diem-an-toi-mui-ne-cuc-xin-119677,1400.0,2026-07-13T18:17:04.481662+00:00
VNTRIP_ff4d306cb840,2026-07-13,https://www.vntrip.vn/cam-nang/ban-nen-mac-gi-khi-di-du-lich-chau-au-mua-he-119598,1900.0,2026-07-13T18:17:08.323321+00:00
VNTRIP_d4a23a6449a8,2026-07-13,https://www.vntrip.vn/cam-nang/top-dia-diem-du-lich-he-2022-danh-cho-nhung-ban-cuong-chan-119646,1100.0,2026-07-13T18:17:11.993283+00:00
VNTRIP_ef47a0af4efa,2026-07-13,https://www.vntrip.vn/cam-nang/top-quan-ca-phe-nghe-nhac-da-lat-dang-hot-nhat-hien-nay-119570,2700.0,2026-07-13T18:17:15.850813+00:00
VNTRIP_656268601438,2026-07-13,https://www.vntrip.vn/cam-nang/can-luu-y-gi-khi-di-du-lich-hoi-an-119723,2000.0,2026-07-13T18:17:19.755054+00:00
VNTRIP_e292c1570704,2026-07-14,https://www.vntrip.vn/cam-nang/atadi-vn-mo-ra-ky-nguyen-du-lich-moi-trong-he-sinh-thai-vntrip-122698,1200.0,2026-07-14T16:27:18.527595+00:00
VNTRIP_a5125a054e2d,2026-07-14,https://www.vntrip.vn/cam-nang/vntrip-tms-giai-phap-quan-tri-cong-tac-va-du-lich-toan-dien-cho-doanh-nghiep-hien-dai-122691,811.0,2026-07-14T16:27:18.527625+00:00
VNTRIP_b8e8fb9b5682,2026-07-14,https://www.vntrip.vn/cam-nang/chuyen-chiec-banh-mi-va-bai-hoc-ve-su-tan-tam-van-hoa-phuc-vu-khach-hang-tai-vntrip-tms-122685,630.0,2026-07-14T16:27:18.527630+00:00
VNTRIP_dfd03a4eb676,2026-07-14,https://www.vntrip.vn/cam-nang/ems-tro-ly-tai-chinh-ai-giup-doanh-nghiep-cat-giam-chi-phi-tang-toc-van-hanh-122680,749.0,2026-07-14T16:27:18.527634+00:00
VNTRIP_f79d32fc4eee,2026-07-14,https://www.vntrip.vn/cam-nang/vntrip-tms-giai-phap-toi-uu-chi-phi-cong-tac-cho-doanh-nghiep-122656,609.0,2026-07-14T16:27:18.527638+00:00
VNTRIP_969ad3761c73,2026-07-14,https://www.vntrip.vn/cam-nang/4-diem-san-tuyet-sieu-dep-cuc-gan-viet-nam-122640,948.0,2026-07-14T16:27:18.527642+00:00
VNTRIP_1ecc913e8e82,2026-07-14,https://www.vntrip.vn/cam-nang/mot-buoi-sang-lich-su-trai-nghiem-le-dieu-binh-quoc-khanh-tai-ha-noi-122634,1600.0,2026-07-14T16:27:18.527646+00:00
VNTRIP_18ea7029a4a9,2026-07-14,https://www.vntrip.vn/cam-nang/ha-noi-ruc-ro-ngay-quoc-khanh-tron-ven-trai-nghiem-le-dieu-binh-2-9-122632,1600.0,2026-07-14T16:27:18.527649+00:00
VNTRIP_b4a886e6c9db,2026-07-14,https://www.vntrip.vn/cam-nang/nhung-diem-du-lich-tranh-nang-ly-tuong-cho-thang-8-4-lua-chon-mat-me-va-dang-di-nhat-122624,1200.0,2026-07-14T16:27:18.527653+00:00
VNTRIP_2a77be301bb1,2026-07-14,https://www.vntrip.vn/cam-nang/%f0%9f%87%bb%f0%9f%87%b3-viet-nam-thien-duong-re-an-ngon-hang-dau-dong-nam-a-ma-ban-khong-the-bo-qua-122618,4400.0,2026-07-14T16:27:18.527656+00:00
VNTRIP_124fae8e0e76,2026-07-14,https://www.vntrip.vn/cam-nang/nhat-ban-thang-7-mua-he-le-hoi-phao-hoa-va-trai-nghiem-thien-nhien-xanh-mat-122608,759.0,2026-07-14T16:27:18.527660+00:00
VNTRIP_77f8f05155da,2026-07-14,https://www.vntrip.vn/cam-nang/vu-tai-nan-lat-tau-du-lich-o-vinh-ha-long-cap-nhat-thong-tin-va-nhung-no-luc-cuu-ho-day-nhan-van-122606,999.0,2026-07-14T16:27:18.527665+00:00
VNTRIP_4feccaa0ec29,2026-07-14,https://www.vntrip.vn/cam-nang/cap-doi-nen-di-dau-thang-7-5-hanh-trinh-lang-man-rieng-tu-va-chill-nhat-mua-he-122602,962.0,2026-07-14T16:27:18.527685+00:00
VNTRIP_20d62a77db18,2026-07-14,https://www.vntrip.vn/cam-nang/check-in-le-hoi-bien-binh-dinh-thien-duong-moi-noi-he-2025-122599,871.0,2026-07-14T16:27:18.527690+00:00
VNTRIP_1377ea72cce6,2026-07-14,https://www.vntrip.vn/cam-nang/kinh-nghiem-du-lich-ha-long-2025-122597,847.0,2026-07-14T16:27:18.527698+00:00
VNTRIP_05b45505ecb1,2026-07-14,https://www.vntrip.vn/cam-nang/vietnam-airlines-dieu-chinh-khai-thac-do-san-bay-vinh-tam-dong-cua-trong-6-thang-122590,1400.0,2026-07-14T16:27:18.527704+00:00
VNTRIP_233724a976d0,2026-07-14,https://www.vntrip.vn/cam-nang/tron-nong-len-da-lat-thang-6-khi-mua-he-cung-tro-nen-diu-dang-122588,1000.0,2026-07-14T16:27:18.527709+00:00
VNTRIP_03d4d0959f3e,2026-07-14,https://www.vntrip.vn/cam-nang/moc-chau-thang-6-hai-man-san-may-hanh-trinh-cham-vao-ve-dep-hoang-so-cua-nui-rung-tay-bac-122586,1400.0,2026-07-14T16:27:18.527713+00:00
VNTRIP_ab0afa7777cd,2026-07-14,https://www.vntrip.vn/cam-nang/he-2025-di-dau-goi-y-7-bai-bien-dep-o-viet-nam-ban-khong-the-bo-lo-122582,1800.0,2026-07-14T16:27:18.527718+00:00
VNTRIP_a4cdcf4929a9,2026-07-14,https://www.vntrip.vn/cam-nang/huong-dan-du-lich-bac-giang-mua-vai-chup-hinh-dep-an-vai-ngot-trai-nghiem-nho-doi-122580,1300.0,2026-07-14T16:27:18.527722+00:00
VNTRIP_c4667d05eef6,2026-07-14,https://www.vntrip.vn/cam-nang/bamboo-tang-20-kg-hanh-ly-khi-bay-den-thai-lan-122577,920.0,2026-07-14T16:27:20.658200+00:00
VNTRIP_ae5ee9371c4a,2026-07-14,https://www.vntrip.vn/cam-nang/tam-dung-tham-quan-cot-co-lung-cu-122574,770.0,2026-07-14T16:27:20.658241+00:00
VNTRIP_d5b7431aa948,2026-07-14,https://www.vntrip.vn/cam-nang/michelin-vinh-danh-181-nha-hang-va-quan-an-o-viet-nam-nam-2025-122569,1200.0,2026-07-14T16:27:20.658245+00:00
VNTRIP_78151f4d5943,2026-07-14,https://www.vntrip.vn/cam-nang/bay-pho-thong-trai-nghiem-thuong-gia-cung-bamboo-airways-122528,2400.0,2026-07-14T16:27:20.658249+00:00
VNTRIP_2d3963d6e404,2026-07-14,https://www.vntrip.vn/cam-nang/tour-mua-xuan-2024-uu-dai-tu-vntrip-122333,3300.0,2026-07-14T16:27:20.658253+00:00
VNTRIP_8eaecb8c4fb5,2026-07-14,https://www.vntrip.vn/cam-nang/trai-nghiem-chuong-trinh-team-building-kick-off-2024-that-khac-biet-tu-vntrip-122328,3000.0,2026-07-14T16:27:20.658255+00:00
VNTRIP_b295535f0a0d,2026-07-14,https://www.vntrip.vn/cam-nang/cau-hon-phu-quoc-kiss-bridge-bieu-tuong-moi-cua-du-lich-viet-nam-122303,3900.0,2026-07-14T16:27:20.658258+00:00
VNTRIP_f86908f1e73a,2026-07-14,https://www.vntrip.vn/cam-nang/ha-noi-ra-mat-15-san-pham-du-lich-dem-122253,3900.0,2026-07-14T16:27:20.658261+00:00
VNTRIP_f3a3bfb052bd,2026-07-14,https://www.vntrip.vn/cam-nang/nam-2045-mang-den-tro-thanh-trung-tam-du-lich-nghi-duong-tam-co-khu-vuc-122250,2100.0,2026-07-14T16:27:20.658264+00:00
VNTRIP_e04a98efdd5b,2026-07-14,https://www.vntrip.vn/cam-nang/nhung-ngoi-lang-co-o-ha-giang-nhat-dinh-phai-ghe-tham-122231,3500.0,2026-07-14T16:27:20.658266+00:00
VNTRIP_c0b57fcdf373,2026-07-14,https://www.vntrip.vn/cam-nang/den-da-lat-thang-10-co-gi-hay-122194,4900.0,2026-07-14T16:27:20.658269+00:00
VNTRIP_4c9475b1d507,2026-07-14,https://www.vntrip.vn/cam-nang/uu-dai-thang-9-tu-bamboo-122173,2400.0,2026-07-14T16:27:20.658271+00:00
VNTRIP_3e7e6e4d2710,2026-07-14,https://www.vntrip.vn/cam-nang/chill-mua-thu-cung-bamboo-airways-122170,2400.0,2026-07-14T16:27:20.658274+00:00
VNTRIP_4a05273c92b3,2026-07-14,https://www.vntrip.vn/cam-nang/bay-bamboo-tung-bung-chao-mung-quoc-khanh-%f0%9f%87%bb%f0%9f%87%b3%f0%9f%87%bb%f0%9f%87%b3-122159,2600.0,2026-07-14T16:27:20.658277+00:00
VNTRIP_d30aa111c857,2026-07-14,https://www.vntrip.vn/cam-nang/uu-dai-quoc-khanh-122155-122155,2800.0,2026-07-14T16:27:20.658279+00:00
VNTRIP_3c5646795e0e,2026-07-14,https://www.vntrip.vn/cam-nang/ve-bamboo-giam-toi-20-122144,1700.0,2026-07-14T16:27:20.658282+00:00
VNTRIP_ba41f53a5e2a,2026-07-14,https://www.vntrip.vn/cam-nang/uu-dai-quoc-khanh-tu-zalo-pay-va-vntrip-122138,2600.0,2026-07-14T16:27:20.658285+00:00
VNTRIP_e38cfebca831,2026-07-14,https://www.vntrip.vn/cam-nang/sinh-nhat-bamboo-122134,2200.0,2026-07-14T16:27:20.658287+00:00
VNTRIP_aad384c3392b,2026-07-14,https://www.vntrip.vn/cam-nang/sa-sung-vang-rong-tai-quang-ninh-122130,2500.0,2026-07-14T16:27:20.658290+00:00
VNTRIP_5d099ee98300,2026-07-14,https://www.vntrip.vn/cam-nang/lien-hoan-am-thuc-quoc-te-quang-nam-2023-dien-ra-tu-ngay-31-8-3-9-2023-122128,2200.0,2026-07-14T16:27:20.658292+00:00
VNTRIP_bd7f07bcafef,2026-07-14,https://www.vntrip.vn/cam-nang/ban-moi-deal-hoi-nhap-ma-baniu-giam-50-toi-da-50-000d-122121,1600.0,2026-07-14T16:27:22.755732+00:00
VNTRIP_9987377c99a8,2026-07-14,https://www.vntrip.vn/cam-nang/122112-122112,7000.0,2026-07-14T16:27:22.755751+00:00
VNTRIP_26e57123a594,2026-07-14,https://www.vntrip.vn/cam-nang/vi-vu-thai-lan-ngap-tran-uu-dai-122097,2700.0,2026-07-14T16:27:22.755754+00:00
VNTRIP_4e497fa1f185,2026-07-14,https://www.vntrip.vn/cam-nang/he-soi-dong-gia-chan-dong-122092,2700.0,2026-07-14T16:27:22.755759+00:00
VNTRIP_497609b986c1,2026-07-14,https://www.vntrip.vn/cam-nang/9-khach-san-hang-sang-tai-viet-nam-duoc-michelin-guide-goi-ten-ban-da-trai-nghiem-122083,2400.0,2026-07-14T16:27:22.755762+00:00
VNTRIP_26eeed74fe9d,2026-07-14,https://www.vntrip.vn/cam-nang/bo-ra-250-000-usd-theo-tour-mao-hiem-ngam-xac-tau-titanic-122079,1400.0,2026-07-14T16:27:22.755764+00:00
VNTRIP_9092d874759e,2026-07-14,https://www.vntrip.vn/cam-nang/den-ninh-binh-nhat-dinh-phai-thu-mon-an-sau-122035,2800.0,2026-07-14T16:27:22.755767+00:00
VNTRIP_d0490aa7c8f6,2026-07-14,https://www.vntrip.vn/cam-nang/uu-dai-ve-bamboo-tu-vntrip-he-2023-122031,1500.0,2026-07-14T16:27:22.755770+00:00
VNTRIP_df1488cd9afa,2026-07-14,https://www.vntrip.vn/cam-nang/16-quan-ca-phe-dep-nhuc-nach-o-mang-den-khong-the-bo-qua-2023-121950,11300.0,2026-07-14T16:27:22.755772+00:00
VNTRIP_bfbd3e0c20bc,2026-07-14,https://www.vntrip.vn/cam-nang/6-dia-diem-check-in-gay-sot-cong-dong-mang-nam-2023-o-da-lat-121960,7100.0,2026-07-14T16:27:22.755775+00:00
VNTRIP_7b68fcebcf01,2026-07-14,https://www.vntrip.vn/cam-nang/hoi-an-khong-bat-buoc-khach-le-mua-ve-vao-pho-co-121963,1700.0,2026-07-14T16:27:22.755777+00:00
VNTRIP_8444ed920595,2026-07-14,https://www.vntrip.vn/cam-nang/16-mon-dac-san-hue-nhat-dinh-khong-the-bo-qua-khi-den-tham-dat-co-do-121843,7300.0,2026-07-14T16:27:22.755780+00:00
VNTRIP_c7f8c9f54530,2026-07-14,https://www.vntrip.vn/cam-nang/kinh-nghiem-du-lich-le-hoi-den-hung-2023-121910,2800.0,2026-07-14T16:27:22.755783+00:00
VNTRIP_321d775ef88b,2026-07-14,https://www.vntrip.vn/cam-nang/5-khach-san-sang-trong-nhat-viet-nam-2023-121700,5800.0,2026-07-14T16:27:22.755786+00:00
VNTRIP_59294e658dd6,2026-07-14,https://www.vntrip.vn/cam-nang/5-nha-hang-lon-cap-nach-sapa-ngon-chat-luong-nhat-2023-121768,9100.0,2026-07-14T16:27:22.755788+00:00
VNTRIP_ae30fd9b1bb5,2026-07-14,https://www.vntrip.vn/cam-nang/an-giang-an-gi-top-5-nha-hang-noi-tieng-nhat-long-xuyen-an-giang-121778,3400.0,2026-07-14T16:27:22.755791+00:00
VNTRIP_794bcb3dbe09,2026-07-14,https://www.vntrip.vn/cam-nang/chiem-nguong-dai-bao-thap-kinh-luan-dat-vang-lon-nhat-the-gioi-tai-da-lat-121799,4500.0,2026-07-14T16:27:22.755793+00:00
VNTRIP_89994ddbb845,2026-07-14,https://www.vntrip.vn/cam-nang/10-quan-an-ngon-bo-re-o-tuy-hoa-khong-the-bo-qua-121750,13000.0,2026-07-14T16:27:22.755796+00:00
VNTRIP_003cb125038c,2026-07-14,https://www.vntrip.vn/cam-nang/diem-danh-8-loai-hoa-thang-4-no-ro-khap-3-mien-2023-121672,3800.0,2026-07-14T16:27:22.755798+00:00
VNTRIP_d42ffeddc637,2026-07-14,https://www.vntrip.vn/cam-nang/review-tu-tuc-nhat-ban-mua-dong-8-ngay-7-dem-121635,1500.0,2026-07-14T16:27:22.755801+00:00
VNTRIP_7a72344b740e,2026-07-14,https://www.vntrip.vn/cam-nang/don-binh-minh-tren-bien-can-gio-121612,1500.0,2026-07-14T16:08:19.423967+00:00
VNTRIP_22aa6c37ad76,2026-07-14,https://www.vntrip.vn/cam-nang/macau-khoi-phuc-cac-chuyen-bay-den-da-nang-trong-thang-ba-121604,925.0,2026-07-14T16:08:19.423994+00:00
VNTRIP_5242b98b7beb,2026-07-14,https://www.vntrip.vn/cam-nang/moc-chau-mua-hoa-thuong-nho-121591,1200.0,2026-07-14T16:08:19.423999+00:00
VNTRIP_3a5a2bd05540,2026-07-14,https://www.vntrip.vn/cam-nang/thang-3-di-dau-du-lich-la-tuyet-nhat-121559,1100.0,2026-07-14T16:08:19.424003+00:00
VNTRIP_362c3543ded2,2026-07-14,https://www.vntrip.vn/cam-nang/cach-thai-lan-khien-khach-viet-quay-lai-nhieu-lan-121555,1100.0,2026-07-14T16:08:19.424008+00:00
VNTRIP_3ff82cef8be0,2026-07-14,https://www.vntrip.vn/cam-nang/du-lich-moc-chau-thang-3-co-gi-nhung-dieu-can-chuan-bi-khi-di-moc-chau-121481,2100.0,2026-07-14T16:08:19.424012+00:00
VNTRIP_615a743e5fb1,2026-07-14,https://www.vntrip.vn/cam-nang/diem-den-tam-linh-noi-tieng-o-thai-nguyen-121541,1600.0,2026-07-14T16:08:19.424017+00:00
VNTRIP_f740f160d338,2026-07-14,https://www.vntrip.vn/cam-nang/binh-chon-cho-du-lich-viet-nam-tai-giai-thuong-du-lich-the-gioi-2023-121537,902.0,2026-07-14T16:08:19.424021+00:00
VNTRIP_6f3e1e14cce2,2026-07-14,https://www.vntrip.vn/cam-nang/viet-nam-la-diem-den-ua-thich-cua-thi-truong-khach-han-quoc-nhat-ban-va-dai-loan-121534,850.0,2026-07-14T16:08:19.424024+00:00
VNTRIP_d34577a418dd,2026-07-14,https://www.vntrip.vn/cam-nang/sac-man-cao-nguyen-trang-lam-say-long-du-khach-121528,884.0,2026-07-14T16:08:19.424026+00:00
VNTRIP_cf75f9229b6b,2026-07-14,https://www.vntrip.vn/cam-nang/thoi-diem-dat-phong-khach-san-de-co-gia-tot-nhat-121525,866.0,2026-07-14T16:08:19.424029+00:00
VNTRIP_938784f1c443,2026-07-14,https://www.vntrip.vn/cam-nang/ve-nam-o-xem-lang-chai-co-121505,1100.0,2026-07-14T16:08:19.424035+00:00
VNTRIP_611e619e1a39,2026-07-14,https://www.vntrip.vn/cam-nang/vi-vu-bamboo-bung-no-uu-dai-chi-duy-nhat-tren-vntrip-121499,2400.0,2026-07-14T16:08:19.424038+00:00
VNTRIP_899e02f03b4d,2026-07-14,https://www.vntrip.vn/cam-nang/du-lich-sapa-thang-3-co-gi-121455,1400.0,2026-07-14T16:08:19.424041+00:00
VNTRIP_9f4032e4bf7a,2026-07-14,https://www.vntrip.vn/cam-nang/ly-do-khien-nui-thieng-ba-den-tay-ninh-don-luong-khach-ky-luc-trong-thang-gieng-121487,1200.0,2026-07-14T16:08:19.424044+00:00
VNTRIP_215ee034f1b7,2026-07-14,https://www.vntrip.vn/cam-nang/thang-3-nen-di-du-lich-o-dau-mien-bac-121467,1500.0,2026-07-14T16:08:19.424046+00:00
VNTRIP_6ca229285d89,2026-07-14,https://www.vntrip.vn/cam-nang/da-lat-muon-mo-casino-cho-dem-121446,947.0,2026-07-14T16:08:19.424050+00:00
VNTRIP_0451369c34b6,2026-07-14,https://www.vntrip.vn/cam-nang/da-lat-deo-prenn-se-dong-de-thi-cong-sau-tet-nguyen-dan-121346,961.0,2026-07-14T16:08:19.424054+00:00
VNTRIP_a0f0a5952646,2026-07-14,https://www.vntrip.vn/cam-nang/du-xuan-quy-mao-nhung-ngoi-chua-noi-tieng-o-tp-hcm-121329,913.0,2026-07-14T16:08:19.424056+00:00
VNTRIP_c2004532809b,2026-07-14,https://www.vntrip.vn/cam-nang/mai-anh-dao-bung-no-ruc-ro-khach-du-lich-do-ve-da-lat-chiem-nguong-121393,832.0,2026-07-14T16:08:19.424059+00:00
VNTRIP_e81f962a0ef4,2026-07-14,https://www.vntrip.vn/cam-nang/khuyen-mai-bay-bamboo-airways-giam-ngay-20-tren-vntrip-vn-121301,1500.0,2026-07-14T16:08:22.516088+00:00
VNTRIP_7d8f2e3be365,2026-07-14,https://www.vntrip.vn/cam-nang/hoi-an-lo%cc%a3t-danh-sach-25-thanh-pho-dep-nhat-the-gioi-121282,997.0,2026-07-14T16:08:22.516122+00:00
VNTRIP_9dfbb8704457,2026-07-14,https://www.vntrip.vn/cam-nang/du-xuan-mang-den-ngam-mai-anh-dao-121263,955.0,2026-07-14T16:08:22.516129+00:00
VNTRIP_7f603271df5b,2026-07-14,https://www.vntrip.vn/cam-nang/nhung-dia-diem-du-lich-dau-nam-mien-bac-nen-di-mot-lan-trong-doi-121215,1100.0,2026-07-14T16:08:22.516135+00:00
VNTRIP_5e2cda970b89,2026-07-14,https://www.vntrip.vn/cam-nang/hanh-trinh-noi-dai-yeu-thuong-xuan-ve-tren-then-chu-phin-121285,845.0,2026-07-14T16:08:22.516140+00:00
VNTRIP_32f830672dc2,2026-07-14,https://www.vntrip.vn/cam-nang/top-5-phan-mem-quan-ly-nhan-su-doanh-nghiep-nen-dung-trong-nam-2023-121240,1300.0,2026-07-14T16:08:22.516145+00:00
VNTRIP_ad8ee2648dbc,2026-07-14,https://www.vntrip.vn/cam-nang/nhung-diem-du-xuan-thu-vi-o-nghe-an-121204,1200.0,2026-07-14T16:08:22.516266+00:00
VNTRIP_5a318ca3500c,2026-07-14,https://www.vntrip.vn/cam-nang/chuan-bi-don-du-khach-trung-quoc-121197,727.0,2026-07-14T16:08:22.516290+00:00
VNTRIP_2dcc326cd9ae,2026-07-14,https://www.vntrip.vn/cam-nang/du-khach-tap-nap-san-may-tren-dinh-fansipan-121169,792.0,2026-07-14T16:08:22.516297+00:00
VNTRIP_c520266d78cd,2026-07-14,https://www.vntrip.vn/cam-nang/travel-off-path-binh-cho%cc%a3n-thanh-pho-ho-chi-minh-la-diem-den-xu-huong-hang-dau-chau-a-nam-2023-121157,1000.0,2026-07-14T16:08:22.516304+00:00
VNTRIP_c7d7464d65b7,2026-07-14,https://www.vntrip.vn/cam-nang/phu-quoc-da-lat-sa-pa-chay-phong-dip-tet-duong-lich-2023-121143,711.0,2026-07-14T16:08:22.516309+00:00
VNTRIP_f2882a2bced8,2026-07-14,https://www.vntrip.vn/cam-nang/10-dia-diem-don-giao-thua-tuyet-voi-nhat-the-gioi-121131,5200.0,2026-07-14T16:08:22.516314+00:00
VNTRIP_ae1c35bec0e8,2026-07-14,https://www.vntrip.vn/cam-nang/tay-nguyen-mua-thay-la-121088,879.0,2026-07-14T16:08:22.516322+00:00
VNTRIP_6881e412e194,2026-07-14,https://www.vntrip.vn/cam-nang/cac-dia-diem-du-lich-tet-o-mien-tay-cac-ban-se-tiec-nuoi-khi-bo-lo-121073,1500.0,2026-07-14T16:08:22.516328+00:00
VNTRIP_07e5a3063fe7,2026-07-14,https://www.vntrip.vn/cam-nang/cach-dat-phong-khach-san-bang-tieng-anh-don-gian-121056,3000.0,2026-07-14T16:08:22.516334+00:00
VNTRIP_29f80ee78daa,2026-07-14,https://www.vntrip.vn/cam-nang/nhung-khach-san-cho-phep-du-khach-khoa-than-doc-la-tren-the-gioi-121065,1100.0,2026-07-14T16:08:22.516339+00:00
VNTRIP_222392a1dc9a,2026-07-14,https://www.vntrip.vn/cam-nang/top-10-dia-diem-du-lich-viet-nam-duoc-tim-kiem-nhieu-nhat-trong-nam-2022-121005,4900.0,2026-07-14T16:08:22.516346+00:00
VNTRIP_a6bb48520728,2026-07-14,https://www.vntrip.vn/cam-nang/top-ung-dung-quan-ly-nhan-su-tren-iphone-va-android-121031,1000.0,2026-07-14T16:08:22.516350+00:00
VNTRIP_7e28caaaa0e0,2026-07-14,https://www.vntrip.vn/cam-nang/cac-dia-diem-du-lich-da-lat-ly-tuong-cho-gia-dinh-121017,1200.0,2026-07-14T16:08:22.516356+00:00
VNTRIP_93cebebc07fb,2026-07-14,https://www.vntrip.vn/cam-nang/tiep-noi-chuong-trinh-thien-nguyen-vntrip-cho-di-la-con-mai-121051,691.0,2026-07-14T16:08:22.516361+00:00
VNTRIP_7c9e29f5a309,2026-07-14,https://www.vntrip.vn/cam-nang/4-xu-huong-du-lich-pho-bien-the-gioi-nam-2022-121041,5200.0,2026-07-14T16:08:25.594400+00:00
VNTRIP_ccba19b8a8dd,2026-07-14,https://www.vntrip.vn/cam-nang/du-khach-thich-thu-san-bang-gia-tren-cac-dinh-nui-cao-tai-bat-xat-120993,738.0,2026-07-14T16:08:25.594428+00:00
VNTRIP_d3f4e109055f,2026-07-14,https://www.vntrip.vn/cam-nang/chi-phi-doanh-nghiep-gom-nhung-gi-cac-loai-chi-phi-doanh-nghiep-120957,1600.0,2026-07-14T16:08:25.594434+00:00
VNTRIP_7ea79dab1408,2026-07-14,https://www.vntrip.vn/cam-nang/nhung-ung-dung-cong-nghe-trong-quan-ly-nhan-su-noi-bat-120966,1400.0,2026-07-14T16:08:25.594436+00:00
VNTRIP_6335b13f8357,2026-07-14,https://www.vntrip.vn/cam-nang/cac-dia-diem-du-lich-gan-nhau-o-da-lat-khong-nen-bo-qua-trong-lich-trinh-120974,3200.0,2026-07-14T16:08:25.594440+00:00
VNTRIP_6cbb4df81e84,2026-07-14,https://www.vntrip.vn/cam-nang/nam-2022-du-lich-noi-dia-vuot-moc-ky-vong-120941,906.0,2026-07-14T16:08:25.594443+00:00
VNTRIP_93efe341f61c,2026-07-14,https://www.vntrip.vn/cam-nang/quy-dinh-ve-di-cong-tac-nuoc-ngoai-thu-tuc-va-chi-phi-cong-tac-nuoc-ngoai-120934,2800.0,2026-07-14T16:08:25.594446+00:00
VNTRIP_8899b25a1828,2026-07-14,https://www.vntrip.vn/cam-nang/lung-linh-anh-den-dem-pho-co-120927,1200.0,2026-07-14T16:08:25.594450+00:00
VNTRIP_9593e7a955d9,2026-07-14,https://www.vntrip.vn/cam-nang/4-diem-du-lich-dep-trong-nuoc-cho-thang-12-120921,5200.0,2026-07-14T16:08:25.594454+00:00
VNTRIP_df227b1037ed,2026-07-14,https://www.vntrip.vn/cam-nang/7-thanh-pho-du-lich-an-toan-nhat-the-gioi-nam-2023-120912,1300.0,2026-07-14T16:08:25.594457+00:00
VNTRIP_7fb29b7f3a00,2026-07-14,https://www.vntrip.vn/cam-nang/cach-dat-phong-khach-san-o-sapa-120872,989.0,2026-07-14T16:08:25.594460+00:00
VNTRIP_e6bc4e8ce4f6,2026-07-14,https://www.vntrip.vn/cam-nang/dia-diem-di-choi-gan-ha-noi-mua-dong-ly-tuong-120882,1100.0,2026-07-14T16:08:25.594463+00:00
VNTRIP_37c5be62117f,2026-07-14,https://www.vntrip.vn/cam-nang/trien-de-long-bien-tran-ngap-co-lau-trang-muot-gioi-tre-ha-noi-xung-xinh-toi-check-in-120863,1600.0,2026-07-14T16:08:25.594465+00:00
VNTRIP_789c4748bd92,2026-07-14,https://www.vntrip.vn/cam-nang/dia-diem-du-xuan-cau-binh-an-ly-tuong-cho-ngay-dau-nam-2023-120849,879.0,2026-07-14T16:08:25.594468+00:00
VNTRIP_2621644b2383,2026-07-14,https://www.vntrip.vn/cam-nang/4-diem-nghi-duong-gan-ha-noi-co-khu-vui-choi-cho-tre-em-120843,6000.0,2026-07-14T16:08:25.594471+00:00
VNTRIP_2a38e002d9e9,2026-07-14,https://www.vntrip.vn/cam-nang/khach-quoc-te-den-viet-nam-dat-gan-3-trieu-luot-120835,691.0,2026-07-14T16:08:25.594473+00:00
VNTRIP_6d415c9fec21,2026-07-14,https://www.vntrip.vn/cam-nang/goi-y-cac-y-tuong-trang-tri-tet-cho-khach-san-thu-hut-khach-hang-120780,2100.0,2026-07-14T16:08:25.594476+00:00
VNTRIP_0e3a3b73108d,2026-07-14,https://www.vntrip.vn/cam-nang/cac-le-hoi-ngay-tet-o-viet-nam-ban-da-biet-chua-120794,2400.0,2026-07-14T16:08:25.594479+00:00
VNTRIP_6845f0e4fa0b,2026-07-14,https://www.vntrip.vn/cam-nang/tet-nam-nay-di-du-lich-o-dau-cac-dia-diem-du-lich-tet-2023-khong-the-bo-qua-120807,1300.0,2026-07-14T16:08:25.594482+00:00
VNTRIP_f93e596559ed,2026-07-14,https://www.vntrip.vn/cam-nang/tet-o-sai-gon-co-gi-dac-biet-tet-o-sai-gon-nen-di-dau-choi-120822,1600.0,2026-07-14T16:08:25.594485+00:00
VNTRIP_22a178d35af3,2026-07-14,https://www.vntrip.vn/cam-nang/cac-giai-doan-chuyen-doi-so-cua-doanh-nghiep-ban-can-biet-120762,1100.0,2026-07-14T16:08:28.669050+00:00
VNTRIP_207be72ed139,2026-07-14,https://www.vntrip.vn/cam-nang/cach-mo-tivi-tren-xe-giuong-nam-120768,7000.0,2026-07-14T16:08:28.669103+00:00
VNTRIP_458ad3fe2b47,2026-07-14,https://www.vntrip.vn/cam-nang/xon-xao-dam-may-hinh-dia-bay-tren-nui-ba-den-120756,1100.0,2026-07-14T16:08:28.669107+00:00
VNTRIP_ce36114482a8,2026-07-14,https://www.vntrip.vn/cam-nang/da-lat-dang-vao-mua-dep-nhat-nam-120751,896.0,2026-07-14T16:08:28.669110+00:00
VNTRIP_d607f79d80e1,2026-07-14,https://www.vntrip.vn/cam-nang/top-khach-san-4-sao-tay-ninh-ban-khong-nen-bo-lo-120731,1200.0,2026-07-14T16:08:28.669113+00:00
VNTRIP_ff79703e7875,2026-07-14,https://www.vntrip.vn/cam-nang/mua-tam-giac-mach-dep-me-hon-giua-long-ha-giang-120722,1100.0,2026-07-14T16:08:28.669116+00:00
VNTRIP_8c829a8f2afc,2026-07-14,https://www.vntrip.vn/cam-nang/3-hang-dong-dep-nao-long-lai-khong-kho-chinh-phuc-o-quang-binh-120710,4800.0,2026-07-14T16:08:28.669119+00:00
VNTRIP_50747ca5fceb,2026-07-14,https://www.vntrip.vn/cam-nang/kinh-nghiem-san-ve-may-bay-tet-2023-gia-re-120689,916.0,2026-07-14T16:08:28.669121+00:00
VNTRIP_9c0eb3be09c1,2026-07-14,https://www.vntrip.vn/cam-nang/nhung-diem-du-lich-tuyet-dep-khong-the-bo-qua-khi-den-co-to-120681,838.0,2026-07-14T16:08:28.669124+00:00
VNTRIP_1b58f767edd6,2026-07-14,https://www.vntrip.vn/cam-nang/me-man-ngam-mua-hong-chin-triu-qua-tren-cao-nguyen-moc-chau-120671,805.0,2026-07-14T16:08:28.669127+00:00
VNTRIP_276445f7d405,2026-07-14,https://www.vntrip.vn/cam-nang/ha-noi-lien-tiep-nhan-cac-giai-thuong-danh-gia-ve-du-lich-120653,741.0,2026-07-14T16:08:28.669130+00:00
VNTRIP_e602d5a21916,2026-07-14,https://www.vntrip.vn/cam-nang/kinh-nghiem-dat-phong-khach-san-dip-le-tet-120642,1200.0,2026-07-14T16:08:28.669132+00:00
VNTRIP_ac16f654443f,2026-07-14,https://www.vntrip.vn/cam-nang/viet-nam-nhan-nhieu-giai-thuong-tai-world-travel-awards-2022-120638,778.0,2026-07-14T16:08:28.669134+00:00
VNTRIP_94798dd5fea2,2026-07-14,https://www.vntrip.vn/cam-nang/ha-noi-trong-top-diem-den-duoc-khach-quoc-te-tim-kiem-nhieu-nhat-120628,590.0,2026-07-14T16:08:28.669137+00:00
VNTRIP_654a517cce24,2026-07-14,https://www.vntrip.vn/cam-nang/du-lich-hue-mua-buon-nhat-nam-co-gi-dac-biet-120610,845.0,2026-07-14T16:08:28.669140+00:00
VNTRIP_3b82f7b2e8ba,2026-07-14,https://www.vntrip.vn/cam-nang/loi-ich-cua-tms-voi-doanh-nghiep-la-gi-120603,1100.0,2026-07-14T16:08:28.669142+00:00
VNTRIP_2f594a6bfe33,2026-07-14,https://www.vntrip.vn/cam-nang/chuyen-doi-so-trong-y-te-la-gi-tam-quan-trong-cua-chuyen-doi-so-trong-y-te-120584,1200.0,2026-07-14T16:08:28.669145+00:00
VNTRIP_3a8e7c479f6d,2026-07-14,https://www.vntrip.vn/cam-nang/nhung-kho-khan-tren-con-duong-chuyen-doi-so-cua-doanh-nghiep-120575,1400.0,2026-07-14T16:08:28.669147+00:00
VNTRIP_5260e63d5e0f,2026-07-14,https://www.vntrip.vn/cam-nang/kinh-nghiem-huu-ich-khi-di-cong-tac-nuoc-ngoai-ban-nen-biet-120553,2100.0,2026-07-14T16:08:28.669149+00:00
VNTRIP_cea139350349,2026-07-14,https://www.vntrip.vn/cam-nang/thuc-trang-chuyen-doi-so-o-viet-nam-hien-nay-120562,1200.0,2026-07-14T16:08:28.669151+00:00
VNTRIP_ecc28f7581b4,2026-07-14,https://www.vntrip.vn/cam-nang/mat-bao-nhieu-chi-phi-cho-chuyen-du-lich-ket-hop-xem-world-cup-2022-120538,1000.0,2026-07-14T16:08:31.751147+00:00
VNTRIP_47c5ccd48bab,2026-07-14,https://www.vntrip.vn/cam-nang/giai-phap-quan-ly-chuyen-cong-tac-hieu-qua-nhanh-gon-120526,1100.0,2026-07-14T16:08:31.751173+00:00
VNTRIP_8bafd09a5f61,2026-07-14,https://www.vntrip.vn/cam-nang/ga-sai-gon-ngay-dau-mo-ban-ve-tau-tet-2023-120508,817.0,2026-07-14T16:08:31.751176+00:00
VNTRIP_812c890a04ef,2026-07-14,https://www.vntrip.vn/cam-nang/chuyen-doi-so-quoc-gia-la-gi-ngay-chuyen-doi-so-quoc-gia-la-ngay-nao-120475,1600.0,2026-07-14T16:08:31.751179+00:00
VNTRIP_3211aab3d9ce,2026-07-14,https://www.vntrip.vn/cam-nang/phan-biet-chuyen-doi-so-va-so-hoa-vi-du-ve-chuyen-doi-so-va-so-hoa-120484,1100.0,2026-07-14T16:08:31.751221+00:00
VNTRIP_2ab136e539f1,2026-07-14,https://www.vntrip.vn/cam-nang/loi-ich-khi-di-du-lich-mua-thap-diem-mua-thap-diem-trong-du-lich-la-thang-may-120454,1700.0,2026-07-14T16:08:31.751226+00:00
VNTRIP_e96e7f7156bc,2026-07-14,https://www.vntrip.vn/cam-nang/nhung-sai-lam-pho-bien-trong-quan-ly-chuyen-cong-tac-cua-nhan-vien-120448,1100.0,2026-07-14T16:08:31.751229+00:00
VNTRIP_fea29e4b2270,2026-07-14,https://www.vntrip.vn/cam-nang/top-5-dia-diem-san-may-dep-nhu-tien-canh-o-viet-nam-120468,1500.0,2026-07-14T16:08:31.751233+00:00
VNTRIP_9b711a472713,2026-07-14,https://www.vntrip.vn/cam-nang/cac-san-pham-chuyen-doi-so-dac-trung-cua-cac-doanh-nghiep-hien-nay-120423,1200.0,2026-07-14T16:08:31.751238+00:00
VNTRIP_2430f065057c,2026-07-14,https://www.vntrip.vn/cam-nang/cac-cong-ty-tu-van-va-cung-cap-dich-vu-chuyen-doi-so-hang-dau-hien-nay-120411,953.0,2026-07-14T16:08:31.751241+00:00
VNTRIP_3fab734047e4,2026-07-14,https://www.vntrip.vn/cam-nang/duong-bay-ha-noi-tp-hcm-lot-top-duong-bay-nhon-nhip-nhat-the-gioi-120435,922.0,2026-07-14T16:08:31.751243+00:00
VNTRIP_6ab96e1e47b5,2026-07-14,https://www.vntrip.vn/cam-nang/viet-nam-nam-trong-danh-sach-nhung-nen-am-thuc-hang-dau-the-gioi-120432,864.0,2026-07-14T16:08:31.751246+00:00
VNTRIP_ec5342db56b8,2026-07-14,https://www.vntrip.vn/cam-nang/phu-quoc-nam-trong-top-10-hon-dao-duoc-yeu-thich-nhat-chau-a-120408,1100.0,2026-07-14T16:08:31.751249+00:00
VNTRIP_e363b9080467,2026-07-14,https://www.vntrip.vn/cam-nang/viet-nam-vao-top-diem-den-duoc-du-khach-australia-tim-kiem-nhieu-nhat-120406,757.0,2026-07-14T16:08:31.751252+00:00
VNTRIP_a3331a8b8876,2026-07-14,https://www.vntrip.vn/cam-nang/cac-cong-ty-da-thanh-cong-nho-chuyen-doi-so-dien-hinh-120393,1600.0,2026-07-14T16:08:31.751254+00:00
VNTRIP_5cfc80f4b7c9,2026-07-14,https://www.vntrip.vn/cam-nang/chuyen-doi-so-la-gi-cac-khai-niem-ve-chuyen-doi-so-ban-can-biet-120325,1800.0,2026-07-14T16:08:31.751257+00:00
VNTRIP_0e03d2b97e53,2026-07-14,https://www.vntrip.vn/cam-nang/viet-nam-da-lam-duoc-gi-khi-chuyen-doi-so-120386,506.0,2026-07-14T16:08:31.751260+00:00
VNTRIP_baa5e00b42b1,2026-07-14,https://www.vntrip.vn/cam-nang/10-diem-den-tuyet-voi-cho-hanh-trinh-kham-pha-viet-nam-120383,5200.0,2026-07-14T16:08:31.751262+00:00
VNTRIP_ab38bdacda90,2026-07-14,https://www.vntrip.vn/cam-nang/top-10-khach-san-view-dep-o-da-lat-gia-re-nam-2022-120338,1500.0,2026-07-14T16:08:31.751265+00:00
VNTRIP_b34d4a5cf975,2026-07-14,https://www.vntrip.vn/cam-nang/ngay-10-10-tro-thanh-dau-moc-lich-su-trong-chuyen-doi-so-quoc-gia-120375,904.0,2026-07-14T16:08:31.751268+00:00
VNTRIP_2de8ad093f3f,2026-07-14,https://www.vntrip.vn/cam-nang/sieu-sale-10-10-san-ve-bamboo-airways-chi-19k-120320,969.0,2026-07-14T16:08:34.861624+00:00
VNTRIP_fa3734dcb2ad,2026-07-14,https://www.vntrip.vn/cam-nang/9-thang-nam-2022-khach-quoc-te-den-viet-nam-tang-164-lan-120317,781.0,2026-07-14T16:08:34.861651+00:00
VNTRIP_f718a621d559,2026-07-14,https://www.vntrip.vn/cam-nang/da-lau-toi-chua-du-lich-cung-bo-me-120308,878.0,2026-07-14T16:08:34.861656+00:00
VNTRIP_5a30f9c81db6,2026-07-14,https://www.vntrip.vn/cam-nang/top-10-khach-san-sapa-co-be-boi-nuoc-nong-sang-chanh-120204,4400.0,2026-07-14T16:08:34.861661+00:00
VNTRIP_fffcd057dd11,2026-07-14,https://www.vntrip.vn/cam-nang/10-san-bay-tam-dong-cua-vi-bao-noru-120280,5100.0,2026-07-14T16:08:34.861665+00:00
VNTRIP_9e6046c9337c,2026-07-14,https://www.vntrip.vn/cam-nang/sapa-co-dac-san-gi-lam-qua-mua-gi-lam-qua-khi-di-du-lich-sapa-120184,3700.0,2026-07-14T16:08:34.861683+00:00
VNTRIP_0fb1e81b9ea0,2026-07-14,https://www.vntrip.vn/cam-nang/top-nha-xe-di-sapa-tuyen-ha-noi-sapa-tot-nhat-2022-120223,1100.0,2026-07-14T16:08:34.861690+00:00
VNTRIP_ff33e8b0dbdf,2026-07-14,https://www.vntrip.vn/cam-nang/deal-khung-mua-thu-vi-vu-khap-chon-cung-lotte-finance-x-vntrip-120259,3500.0,2026-07-14T16:08:34.861694+00:00
VNTRIP_a4e9a93071ab,2026-07-14,https://www.vntrip.vn/cam-nang/tms-nghia-la-gi-tms-viet-tat-cua-tu-gi-he-thong-tms-la-gi-120246,3300.0,2026-07-14T16:08:34.861698+00:00
VNTRIP_40517e413529,2026-07-14,https://www.vntrip.vn/cam-nang/doan-van-hau-podcast-1-myceleb-vn-120226,1200.0,2026-07-14T16:08:34.861701+00:00
VNTRIP_a0c15da574ba,2026-07-14,https://www.vntrip.vn/cam-nang/du-khach-xao-xuyen-ngam-mimosa-vang-ruc-da-lat-120190,1000.0,2026-07-14T16:08:34.861704+00:00
VNTRIP_d724389b6bee,2026-07-14,https://www.vntrip.vn/cam-nang/thoi-tiet-sapa-nhung-thang-cuoi-nam-nhu-the-nao-120175,3500.0,2026-07-14T16:08:34.861708+00:00
VNTRIP_26cb2d8612e6,2026-07-14,https://www.vntrip.vn/cam-nang/di-du-lich-vung-tau-can-chuan-bi-nhung-gi-120152,3200.0,2026-07-14T16:08:34.861714+00:00
VNTRIP_f7559835ad39,2026-07-14,https://www.vntrip.vn/cam-nang/check-in-sai-gon-chu-du-qua-mien-song-dong-120162,852.0,2026-07-14T16:08:34.861717+00:00
VNTRIP_2b781a96e066,2026-07-14,https://www.vntrip.vn/cam-nang/review-bien-vo-cuc-thai-binh-cuc-ao-dang-khuay-dao-gioi-tre-119982,3700.0,2026-07-14T16:08:34.861720+00:00
VNTRIP_5a4e00bb9bdb,2026-07-14,https://www.vntrip.vn/cam-nang/top-4-ho-boi-vo-cuc-vung-tau-khien-ban-ngat-ngay-vi-qua-dep-120039,4000.0,2026-07-14T16:08:34.861724+00:00
VNTRIP_e7a38a0ea66b,2026-07-14,https://www.vntrip.vn/cam-nang/bamboo-airways-tang-tan-suat-bay-tp-hcm-bangkok-120032,1200.0,2026-07-14T16:08:34.861727+00:00
VNTRIP_adfdcf64fe96,2026-07-14,https://www.vntrip.vn/cam-nang/nhung-dia-diem-du-lich-mot-ngay-gan-thanh-pho-ho-chi-minh-khong-nen-bo-lo-119963,1500.0,2026-07-14T16:08:34.861731+00:00
VNTRIP_ce53204eb07c,2026-07-14,https://www.vntrip.vn/cam-nang/nhung-kho-khan-trong-quan-tri-nhan-su-doanh-nghiep-hay-gap-phai-119933,1400.0,2026-07-14T16:08:34.861734+00:00
VNTRIP_30fd44c77165,2026-07-14,https://www.vntrip.vn/cam-nang/du-bao-thoi-tiet-dip-nghi-le-2-9-chieu-toi-co-the-mua-dong-119931,805.0,2026-07-14T16:08:34.861738+00:00
VNTRIP_5f805ac4d16b,2026-07-14,https://www.vntrip.vn/cam-nang/choi-gi-o-hue-dip-le-2-9-119917,861.0,2026-07-14T16:08:37.955827+00:00
VNTRIP_96082d4381b9,2026-07-14,https://www.vntrip.vn/cam-nang/gia-ve-may-bay-tet-duong-lich-2023-va-tet-quy-mao-cao-ngat-nguong-119894,859.0,2026-07-14T16:08:37.955864+00:00
VNTRIP_f3ab9ef515d0,2026-07-14,https://www.vntrip.vn/cam-nang/cao-nguyen-da-dong-van-hanh-trinh-den-tu-hao-va-hanh-phuc-119887,1400.0,2026-07-14T16:08:37.955868+00:00
VNTRIP_d9017acbab60,2026-07-14,https://www.vntrip.vn/cam-nang/vietjet-chinh-thuc-mo-ban-ve-may-bay-tet-2023-som-chi-tu-619k-119883,830.0,2026-07-14T16:08:37.955871+00:00
VNTRIP_4e362222eba8,2026-07-14,https://www.vntrip.vn/cam-nang/da-lat-lot-top-6-diem-hen-ho-lang-man-nhat-the-gioi-119874,877.0,2026-07-14T16:08:37.955875+00:00
VNTRIP_a73867f7cf42,2026-07-14,https://www.vntrip.vn/cam-nang/du-lich-sun-world-ba-na-hills-mua-he-nay-day-la-nhung-trai-nghiem-moi-can-thu-119868,835.0,2026-07-14T16:08:37.955879+00:00
VNTRIP_ba0591249a07,2026-07-14,https://www.vntrip.vn/cam-nang/kinh-nghiem-khi-dang-du-lich-thi-gap-mua-bao-119858,968.0,2026-07-14T16:08:37.955881+00:00
VNTRIP_dc714bd59df9,2026-07-14,https://www.vntrip.vn/cam-nang/meo-phoi-do-di-da-lat-cho-cac-ban-nam-cuc-chat-119746,1200.0,2026-07-14T16:08:37.955884+00:00
VNTRIP_9a774ba4be10,2026-07-14,https://www.vntrip.vn/cam-nang/nhung-dia-diem-du-lich-da-nang-2022-ban-nhat-dinh-phai-di-119783,2000.0,2026-07-14T16:08:37.955887+00:00
VNTRIP_9cdaf950de7c,2026-07-14,https://www.vntrip.vn/cam-nang/luong-khach-tang-dot-bien-hang-khong-bat-tang-doanh-thu-loi-nhuan-6-thang-119842,847.0,2026-07-14T16:08:37.955889+00:00
VNTRIP_0a19d46716cd,2026-07-14,https://www.vntrip.vn/cam-nang/phoi-do-di-da-lat-cho-cac-ban-nu-xinh-ngat-ngay-2022-119758,1400.0,2026-07-14T16:08:37.955892+00:00
VNTRIP_f4eb439e0660,2026-07-14,https://www.vntrip.vn/cam-nang/choi-va-di-dau-khi-du-lich-mui-ne-thang-8-119799,1200.0,2026-07-14T16:08:37.955895+00:00
VNTRIP_8f47a9cd2a9e,2026-07-14,https://www.vntrip.vn/cam-nang/kinh-nghiem-du-lich-hoi-an-an-choi-gi-o-pho-co-119812,1600.0,2026-07-14T16:08:37.955897+00:00
VNTRIP_d5f47103ffcf,2026-07-14,https://www.vntrip.vn/cam-nang/dong-cua-san-bay-con-dao-trong-9-thang-du-khach-chi-co-2-lua-chon-de-ra-dao-119828,792.0,2026-07-14T16:08:37.955900+00:00
VNTRIP_6408cafdd122,2026-07-14,https://www.vntrip.vn/cam-nang/phoi-do-di-du-lich-mua-he-cuc-bat-trend-2022-119604,1200.0,2026-07-14T16:08:37.955902+00:00
VNTRIP_6346490ca89a,2026-07-14,https://www.vntrip.vn/cam-nang/bat-mi-top-nhung-dia-diem-an-toi-mui-ne-cuc-xin-119677,1400.0,2026-07-14T16:08:37.955905+00:00
VNTRIP_ff4d306cb840,2026-07-14,https://www.vntrip.vn/cam-nang/ban-nen-mac-gi-khi-di-du-lich-chau-au-mua-he-119598,1900.0,2026-07-14T16:08:37.955907+00:00
VNTRIP_d4a23a6449a8,2026-07-14,https://www.vntrip.vn/cam-nang/top-dia-diem-du-lich-he-2022-danh-cho-nhung-ban-cuong-chan-119646,1100.0,2026-07-14T16:08:37.955909+00:00
VNTRIP_ef47a0af4efa,2026-07-14,https://www.vntrip.vn/cam-nang/top-quan-ca-phe-nghe-nhac-da-lat-dang-hot-nhat-hien-nay-119570,2700.0,2026-07-14T16:08:37.955912+00:00
VNTRIP_656268601438,2026-07-14,https://www.vntrip.vn/cam-nang/can-luu-y-gi-khi-di-du-lich-hoi-an-119723,2000.0,2026-07-14T16:08:37.955914+00:00
